State,District,Deposit_ID,Latitude,Longitude,Reserves_tonnes,Annual_Production_tonnes,Grade_pct,Host_Rock,Formation,Avg_Temperature_C,Annual_Precip_mm,Rainy_Days,Road_Accessibility,Distance_to_Port_km,Reserve_to_Production_ratio,Production_Gap_tonnes,Topo_Slope_deg,Soil_Type,Year,Year_Index,Elevation_m,Synthetic
Karnataka,Davangere,Karnataka_Davangere,14.473175300054553,75.90536291076666,,39077.65641061479,,Dharwar metabasalts and metasediments,Dharwar Supergroup / Shimoga Belt,26.30003914886089,683.8078004030478,47.61200348341365,Good,330.0,,,11.881361673890117,Black and red loam,2022-23,3,618.5943306508983,True
Madhya Pradesh,Katni,Madhya_Pradesh_Katni,23.900337117289247,80.46464662883133,,1.939620227456836,,"Limestone, dolomite and BIF association",Vindhyan Supergroup / Mahakoshal Group,25.371435838897824,1211.8141786778385,53.26368160150867,Good,800.0,,,11.183234437221905,Alluvial and red loam,2022-23,3,389.30721180076097,True
Madhya Pradesh,Balaghat,Madhya_Pradesh_Balaghat,21.797115795085617,80.18359512533121,,935221.5705139661,,"Gonditic metasediments, quartzites and schists",Sausar Group / Mansar Formation (Bharveli Belt),24.68684554336546,1524.1682978312917,73.28665358937809,Good,680.0,,,14.892954317956512,Deep red lateritic and black loam,2023-24,4,299.54835652213234,True
Odisha,Rayagada,Odisha_Raygada,19.164751263922795,83.38297078918829,,70.84406194160321,,Khondalite and calc-granulite suites,Eastern Ghats Mobile Belt,26.7253785776469,1468.9666112043722,63.89965579793795,Moderate,190.0,,,24.090584906901746,Red sandy loam and laterite,2022-23,3,196.71780409364558,True
Odisha,Kendujhar,Odisha_Kendujhar,21.60953322266666,85.56859307622553,,557984.0901227363,,"Banded iron formation, shale and chert",Iron Ore Group (Barbil / Joda / Jamda-Koira Belt),24.73576254879115,1531.8738033419809,76.06126298518883,Good,240.0,,,22.91590254235601,Red lateritic and ferric soil,2022-23,3,595.041367379569,True
Maharashtra,Nagpur,Maharashtra_Nagpur,21.15549987165085,79.09526293433815,,290082.37658719113,,Gondite and braunite-bearing quartzites,Sausar Group / Mansar Formation (Gumgaon-Ramtek),27.156420085915254,1214.2983631621753,59.552282366239,Good,620.0,,,11.845494320750099,Deep black cotton soil,2023-24,4,293.7341789164995,True
Karnataka,Davangere,Karnataka_Davangere,14.452904665538032,75.86326231992652,,38725.51718595883,,Dharwar metabasalts and metasediments,Dharwar Supergroup / Shimoga Belt,26.856895613948584,685.431834257306,43.29351329888236,Good,330.0,,,14.51747403753392,Black and red loam,2022-23,3,593.1393947905477,True
Madhya Pradesh,Chhindwara,Madhya_Pradesh_Chhindwara,22.050893363178204,78.89570342352562,,38879.69610919514,,"Gondite, dolomitic marble and calc-silicate",Sausar Group / Bichua Formation,23.97104874597627,1229.801754542684,53.70542194052269,Good,720.0,,,18.27091616225639,Black cotton and gravelly loam,2023-24,4,667.0584085895089,True
Madhya Pradesh,Balaghat,Madhya_Pradesh_Balaghat,21.76140309674904,80.13992857686182,,889520.5465443985,,"Gonditic metasediments, quartzites and schists",Sausar Group / Mansar Formation (Bharveli Belt),24.486534164113152,1445.2161753716828,76.25849422405659,Good,680.0,,,14.24227160864337,Deep red lateritic and black loam,2022-23,3,329.55370292481973,True
Karnataka,Davangere,Karnataka_Davangere,14.42492571686287,75.91198888616232,,39096.4483268324,,Dharwar metabasalts and metasediments,Dharwar Supergroup / Shimoga Belt,26.319544442829176,652.1167142339568,48.457395288811185,Good,330.0,,,11.631751043211969,Black and red loam,2022-23,3,613.6600636409262,True
Rajasthan,Banswara,Rajasthan_Banswara,23.53544450039964,74.44418679558505,,6684.461640659285,,"Dolomitic limestone, quartzite and phyllite",Aravalli Supergroup / Ghatol-Tambesra Belt,26.418786467070504,907.8877745063908,41.52365251205067,Moderate,490.0,,,14.86617703548396,Mixed red and black soil,2022-23,3,211.67009171771477,True
Rajasthan,Banswara,Rajasthan_Banswara,23.546103375723657,74.40603767865828,,4929.484490462474,,"Dolomitic limestone, quartzite and phyllite",Aravalli Supergroup / Ghatol-Tambesra Belt,27.02311474293972,952.6094493337986,42.106310695155734,Moderate,490.0,,,15.155429327668466,Mixed red and black soil,2023-24,4,224.7474139250996,True
Madhya Pradesh,Jhabua,Madhya_Pradesh_Jhabua,22.725403541120663,74.64234571812356,,35174.48384918898,,Manganese-bearing quartzites and phyllites,Aravalli Supergroup / Lunavada Group,26.635046293394776,890.8065393744339,42.473885580610464,Moderate,450.0,,,21.57335490247524,Shallow black and skeletal soil,2023-24,4,321.94123837720707,True
Madhya Pradesh,Jhabua,Madhya_Pradesh_Jhabua,22.751039007702,74.60524868817427,,33066.99853655596,,Manganese-bearing quartzites and phyllites,Aravalli Supergroup / Lunavada Group,26.659047118375028,779.3197770783997,41.779138631171044,Moderate,450.0,,,20.92743848155818,Shallow black and skeletal soil,2023-24,4,318.7870019753436,True
Madhya Pradesh,Jabalpur,Madhya_Pradesh_Jabalpur,23.078833662362747,79.97692598941961,,48131.33874929654,,"Dolomite, phyllite and banded iron formation",Mahakoshal Group / Archaean basement,25.653396879235867,1245.4723882721141,64.94298394598631,Good,760.0,,,12.748022621793115,Black clay and red sandy loam,2023-24,4,413.64768632058673,True
Madhya Pradesh,Katni,Madhya_Pradesh_Katni,23.772945543803353,80.43025312054793,,1.9902121336788052,,"Limestone, dolomite and BIF association",Vindhyan Supergroup / Mahakoshal Group,25.914798419299938,1135.0304381018182,59.45470042832837,Good,800.0,,,9.243278217521418,Alluvial and red loam,2022-23,3,387.0721216531566,True
Rajasthan,Banswara,Rajasthan_Banswara,23.6153924642164,74.4819964755591,,7400.7204617276475,,"Dolomitic limestone, quartzite and phyllite",Aravalli Supergroup / Ghatol-Tambesra Belt,27.355015608144633,886.0966679553328,43.16531048397541,Moderate,490.0,,,14.665543827644123,Mixed red and black soil,2022-23,3,226.58630018394365,True
Karnataka,Tumakuru,Karnataka_Tumakuru,13.313003047067989,77.14058335738379,,10539.422860376428,,"Amphibolite, quartzites and Dharwar schists",Dharwar Supergroup / Closepet Granites boundary,25.39620016626285,791.9845132335556,50.13309163171841,Good,390.0,,,15.827988176797058,Red loamy and gravelly soil,2022-23,3,804.325445653277,True
Maharashtra,Nagpur,Maharashtra_Nagpur,21.175030987645545,79.02531838977387,,262215.1059275528,,Gondite and braunite-bearing quartzites,Sausar Group / Mansar Formation (Gumgaon-Ramtek),27.66280414605594,1152.2595670652904,63.641292315293605,Good,620.0,,,13.171247093467318,Deep black cotton soil,2023-24,4,308.99570240652696,True
Odisha,Rayagada,Odisha_Raygada,19.126151305342383,83.41801128371506,,72.02707702380455,,Khondalite and calc-granulite suites,Eastern Ghats Mobile Belt,26.723136833814195,1374.6042877240525,66.6021391428425,Moderate,190.0,,,25.51122843327672,Red sandy loam and laterite,2022-23,3,196.75159775928307,True
Rajasthan,Banswara,Rajasthan_Banswara,23.55827466916121,74.4377813429293,,7325.48502408063,,"Dolomitic limestone, quartzite and phyllite",Aravalli Supergroup / Ghatol-Tambesra Belt,27.113066515278554,930.0467049839501,37.4174209828038,Moderate,490.0,,,16.155312036106697,Mixed red and black soil,2022-23,3,226.20835428059038,True
Maharashtra,Nagpur,Maharashtra_Nagpur,21.20483796192214,79.10293426450802,,275411.72053944995,,Gondite and braunite-bearing quartzites,Sausar Group / Mansar Formation (Gumgaon-Ramtek),27.606817212977674,1076.2325259617273,56.83681120109212,Good,620.0,,,11.408896574808894,Deep black cotton soil,2022-23,3,322.69875978765106,True
Madhya Pradesh,Alirajpur,Madhya_Pradesh_Alirajpur,22.314713729571267,74.31956618941042,,756.710210557907,,"Phyllite, quartzite and gondite metasediments",Aravalli / Sausar Supergroup transition,26.88150730704801,874.2094697764948,46.46880178539739,Moderate,420.0,,,19.06847155598904,Mixed red and black soil,2022-23,3,285.7870697963947,True
Odisha,Rayagada,Odisha_Rayagada,19.225958221906357,83.38695647084751,,123.99057319320819,,Khondalite and calc-granulite suites,Eastern Ghats Mobile Belt,26.129512371307555,1418.7862993533213,67.74998193936085,Moderate,190.0,,,24.999824246910293,Red sandy loam and laterite,2022-23,3,202.66624974064518,True
Madhya Pradesh,Katni,Madhya_Pradesh_Katni,23.867972802675602,80.41786466005297,,1.9674420464514306,,"Limestone, dolomite and BIF association",Vindhyan Supergroup / Mahakoshal Group,26.265136206652947,1183.9865039170343,57.71358796513305,Good,800.0,,,11.011426055560658,Alluvial and red loam,2022-23,3,426.91479650519125,True
Madhya Pradesh,Balaghat,Madhya_Pradesh_Balaghat,21.86528202739442,80.11970961835765,,800851.2914027624,,"Gonditic metasediments, quartzites and schists",Sausar Group / Mansar Formation (Bharveli Belt),24.83980519916511,1348.3212436776246,72.21576088868606,Good,680.0,,,17.604254361517143,Deep red lateritic and black loam,2023-24,4,283.2252917884079,True
Odisha,Kendujhar,Odisha_Kendujhar,21.572389364644305,85.48929586253469,,514676.80059529876,,"Banded iron formation, shale and chert",Iron Ore Group (Barbil / Joda / Jamda-Koira Belt),25.38346574498447,1506.9181062661207,76.5525483586571,Good,240.0,,,22.439636606016993,Red lateritic and ferric soil,2022-23,3,580.8153037808557,True
Maharashtra,Bhandara,Maharashtra_Bhandara,21.174568454964604,79.67110258822406,,734373.6726188821,,"Gondite, quartzite and manganese oxide lenses",Sausar Group / Dongri Buzurg Formation,27.24838450122054,1341.2236226533073,67.52026617075171,Good,640.0,,,10.70195362622127,Red and yellow loamy soil,2023-24,4,233.42990105695176,True
Karnataka,Tumakuru,Karnataka_Tumakuru,13.330266448323384,77.09629831330687,,6820.936041985503,,"Amphibolite, quartzites and Dharwar schists",Dharwar Supergroup / Closepet Granites boundary,25.3621905897214,785.3719874387349,51.042334511464226,Good,390.0,,,15.820528475417419,Red loamy and gravelly soil,2023-24,4,834.4427856303611,True
Odisha,Rayagada,Odisha_Raygada,19.19667735598911,83.4053046373447,,82.91953999889559,,Khondalite and calc-granulite suites,Eastern Ghats Mobile Belt,25.68323435805309,1336.4728559243367,66.64347111968965,Moderate,190.0,,,22.51781460255718,Red sandy loam and laterite,2022-23,3,217.96685122912777,True
Odisha,Rayagada,Odisha_Raygada,19.1332040710469,83.39292398591206,,70.78751419627284,,Khondalite and calc-granulite suites,Eastern Ghats Mobile Belt,26.97375506134929,1465.0566204811169,68.18425331686822,Moderate,190.0,,,23.93086206527386,Red sandy loam and laterite,2022-23,3,192.79195231152477,True
Madhya Pradesh,Balaghat,Madhya_Pradesh_Balaghat,21.828613098730397,80.1421782424337,,697700.7599921648,,"Gonditic metasediments, quartzites and schists",Sausar Group / Mansar Formation (Bharveli Belt),25.602269440908096,1431.8306530802229,69.23563696924592,Good,680.0,,,16.803585019378602,Deep red lateritic and black loam,2022-23,3,309.12045632694804,True
Karnataka,Davangere,Karnataka_Davangere,14.421609903548411,75.8956286689325,,37192.636346211555,,Dharwar metabasalts and metasediments,Dharwar Supergroup / Shimoga Belt,25.988249750516943,636.4244413448288,43.93219952325289,Good,330.0,,,12.928296991568484,Black and red loam,2022-23,3,608.4183566104238,True
Karnataka,Tumakuru,Karnataka_Tumakuru,13.28182568732617,77.14368889666288,,8746.109187978394,,"Amphibolite, quartzites and Dharwar schists",Dharwar Supergroup / Closepet Granites boundary,25.962231579434857,788.9724726623118,49.31442769827124,Good,390.0,,,15.361921853928843,Red loamy and gravelly soil,2023-24,4,817.0276774185412,True
Odisha,Kendujhar,Odisha_Kendujhar,21.711979221162153,85.58447524540532,,615626.1915172265,,"Banded iron formation, shale and chert",Iron Ore Group (Barbil / Joda / Jamda-Koira Belt),25.322071562916204,1570.7982083901488,79.9020251202526,Good,240.0,,,21.868862469796657,Red lateritic and ferric soil,2023-24,4,582.4028588997561,True
Karnataka,Chitradurga,Karnataka_Chitradurga,14.191765247762023,76.33441730026763,,2742.5500718166413,,Banded iron formation and Dharwar schists,Dharwar Supergroup / Chitradurga Schist Belt,26.49094800321615,562.8330810348228,38.62781642291511,Good,360.0,,,16.333070372618256,Red sandy loam,2022-23,3,700.9052484601307,True
Maharashtra,Nagpur,Maharashtra_Nagpur,21.107316355346335,79.10210833809803,,281512.44333166763,,Gondite and braunite-bearing quartzites,Sausar Group / Mansar Formation (Gumgaon-Ramtek),28.07803090685033,1141.377783431463,62.2119867398146,Good,620.0,,,11.706808413351238,Deep black cotton soil,2023-24,4,303.8938264547451,True
Maharashtra,Bhandara,Maharashtra_Bhandara,21.119722470954304,79.6501535624945,,758416.9363296336,,"Gondite, quartzite and manganese oxide lenses",Sausar Group / Dongri Buzurg Formation,27.081259530640594,1328.5620450029908,68.12770306546872,Good,640.0,,,10.619171116975393,Red and yellow loamy soil,2023-24,4,282.9651058989375,True
Madhya Pradesh,Jabalpur,Madhya_Pradesh_Jabalpur,23.17468369675343,79.95522070413098,,68288.84505360175,,"Dolomite, phyllite and banded iron formation",Mahakoshal Group / Archaean basement,25.80327198336543,1312.70313466402,61.88643361121461,Good,760.0,,,13.091520178173209,Black clay and red sandy loam,2022-23,3,417.4545203843633,True
Madhya Pradesh,Alirajpur,Madhya_Pradesh_Alirajpur,22.322058623172346,74.34175307777815,,483.6803704800796,,"Phyllite, quartzite and gondite metasediments",Aravalli / Sausar Supergroup transition,26.92828599253303,869.8011607803245,45.42750253288862,Moderate,420.0,,,19.08528700444591,Mixed red and black soil,2023-24,4,302.03320688197726,True
Madhya Pradesh,Pradesh,Madhya_Pradesh_Madhya_Pradesh,23.009207399278868,78.6281207906686,,675167.5363113707,,"Dolomitic limestone, quartzite and metasediments",Vindhyan / Archaean basement belt,24.876728709420476,1151.3156095649622,59.72772445962782,Good,790.0,,,12.009188004876002,Black cotton and red loamy soil,2022-23,3,291.46244815938655,True
Madhya Pradesh,Jhabua,Madhya_Pradesh_Jhabua,22.78850320838001,74.53226166588023,,34119.45176568435,,Manganese-bearing quartzites and phyllites,Aravalli Supergroup / Lunavada Group,26.652209495012276,814.211455494557,42.88085542790102,Moderate,450.0,,,22.420415012247403,Shallow black and skeletal soil,2023-24,4,313.54014955953545,True
Madhya Pradesh,Jabalpur,Madhya_Pradesh_Jabalpur,23.153965108710768,80.02231261633642,,43494.82725990255,,"Dolomite, phyllite and banded iron formation",Mahakoshal Group / Archaean basement,25.72062582918262,1246.233096482829,63.336652036215995,Good,760.0,,,13.79080612169008,Black clay and red sandy loam,2023-24,4,435.4340542143599,True
Maharashtra,Bhandara,Maharashtra_Bhandara,21.147698571524316,79.70810182305082,,472481.53940500267,,"Gondite, quartzite and manganese oxide lenses",Sausar Group / Dongri Buzurg Formation,27.133029604656727,1278.9884607059873,68.80764278413311,Good,640.0,,,11.335784336320232,Red and yellow loamy soil,2022-23,3,245.97228725208177,True
Karnataka,Davangere,Karnataka_Davangere,14.482493358025724,75.85916963711279,,36167.05551668008,,Dharwar metabasalts and metasediments,Dharwar Supergroup / Shimoga Belt,25.870607266426266,717.2402889157438,44.10287158394329,Good,330.0,,,11.638229522555829,Black and red loam,2022-23,3,611.5620635397668,True
Rajasthan,Banswara,Rajasthan_Banswara,23.51305082134544,74.44480663604436,,4868.311386662252,,"Dolomitic limestone, quartzite and phyllite",Aravalli Supergroup / Ghatol-Tambesra Belt,26.62470197871354,956.9595676756206,38.627063697531796,Moderate,490.0,,,12.605739695099528,Mixed red and black soil,2023-24,4,217.31160061825366,True
Odisha,Rayagada,Odisha_Raygada,19.19320663881542,83.43210151750625,,77.82375979249935,,Khondalite and calc-granulite suites,Eastern Ghats Mobile Belt,26.14701238531991,1392.199941302377,69.4136992817981,Moderate,190.0,,,24.203388240619944,Red sandy loam and laterite,2022-23,3,223.34800164126895,True
Odisha,Kendujhar,Odisha_Kendujhar,21.58760949317689,85.53192112849595,,561654.1697988067,,"Banded iron formation, shale and chert",Iron Ore Group (Barbil / Joda / Jamda-Koira Belt),25.0925208735829,1660.4027266731605,74.49294483928524,Good,240.0,,,21.91290582894749,Red lateritic and ferric soil,2023-24,4,566.6680403015362,True
Madhya Pradesh,Chhindwara,Madhya_Pradesh_Chhindwara,22.08697650689204,78.93181406770312,,43575.50843405627,,"Gondite, dolomitic marble and calc-silicate",Sausar Group / Bichua Formation,23.9320626528996,1193.8063888069557,59.800369128039925,Good,720.0,,,19.051142058552163,Black cotton and gravelly loam,2023-24,4,665.2062578300294,True
Madhya Pradesh,Katni,Madhya_Pradesh_Katni,23.798312208540487,80.4032937357135,,2.2256345557659643,,"Limestone, dolomite and BIF association",Vindhyan Supergroup / Mahakoshal Group,25.77620691040546,1157.5659368963156,56.52407162414876,Good,800.0,,,9.551872740584953,Alluvial and red loam,2022-23,3,370.1776627211332,True
Madhya Pradesh,Jhabua,Madhya_Pradesh_Jhabua,22.723646093589387,74.58294884319392,,35839.8776900493,,Manganese-bearing quartzites and phyllites,Aravalli Supergroup / Lunavada Group,26.627209018243676,866.2529470659766,39.18015606840025,Moderate,450.0,,,19.747482665697035,Shallow black and skeletal soil,2023-24,4,301.91800467859713,True
Madhya Pradesh,Alirajpur,Madhya_Pradesh_Alirajpur,22.368344645939985,74.3052050274984,,886.1498593719862,,"Phyllite, quartzite and gondite metasediments",Aravalli / Sausar Supergroup transition,26.506887808570184,909.4195717897529,46.47089673661986,Moderate,420.0,,,16.823385280570697,Mixed red and black soil,2022-23,3,291.73554183460413,True
Maharashtra,Bhandara,Maharashtra_Bhandara,21.197904051510147,79.65956638879284,,482303.31602624565,,"Gondite, quartzite and manganese oxide lenses",Sausar Group / Dongri Buzurg Formation,27.051737687738704,1243.6887273541179,64.95882317428918,Good,640.0,,,8.718930793154168,Red and yellow loamy soil,2022-23,3,217.37556910536807,True
Odisha,Sundargarh,Odisha_Sundargarh,22.141345264432182,84.06831705929348,,95834.1365644137,,Gonditic metasediments and quartzites,Gangpur Group / Sausar-equivalent belt,25.780344362247078,1450.0834856349773,70.72676943379552,Good,310.0,,,18.27444721694124,Red and yellow soil,2022-23,3,239.72149045904305,True
Odisha,Sundargarh,Odisha_Sundargarh,22.137552885901723,84.0055360438277,,116113.986327496,,Gonditic metasediments and quartzites,Gangpur Group / Sausar-equivalent belt,26.082346639055892,1507.8701839882835,69.15253112920188,Good,310.0,,,15.9656919483256,Red and yellow soil,2022-23,3,213.7604802460922,True
Karnataka,Chitradurga,Karnataka_Chitradurga,14.226384306958836,76.40875653790714,,3114.192232614646,,Banded iron formation and Dharwar schists,Dharwar Supergroup / Chitradurga Schist Belt,27.00791259715737,584.9053837900381,37.11869515686052,Good,360.0,,,15.386023198607102,Red sandy loam,2022-23,3,722.7050109880709,True
Karnataka,Tumakuru,Karnataka_Tumakuru,13.24438878676282,77.16543747980047,,7744.787221246714,,"Amphibolite, quartzites and Dharwar schists",Dharwar Supergroup / Closepet Granites boundary,25.97692492393117,765.436750922403,47.91882789497513,Good,390.0,,,14.58836167778379,Red loamy and gravelly soil,2023-24,4,860.239919289105,True
Madhya Pradesh,Pradesh,Madhya_Pradesh_Madhya_Pradesh,22.928864478323128,78.68008244569906,,759431.9498924995,,"Dolomitic limestone, quartzite and metasediments",Vindhyan / Archaean basement belt,25.299821967555765,1086.025428893712,56.62015231795549,Good,790.0,,,13.689516023804057,Black cotton and red loamy soil,2022-23,3,321.8676106292913,True
Madhya Pradesh,Jhabua,Madhya_Pradesh_Jhabua,22.7642198714237,74.61931027067874,,34297.09693281245,,Manganese-bearing quartzites and phyllites,Aravalli Supergroup / Lunavada Group,26.56018611635297,850.3116650557365,43.32534967586299,Moderate,450.0,,,22.05268498194589,Shallow black and skeletal soil,2023-24,4,292.0399259173917,True
Madhya Pradesh,Chhindwara,Madhya_Pradesh_Chhindwara,22.01325037208872,78.9616903666721,,38904.00672116875,,"Gondite, dolomitic marble and calc-silicate",Sausar Group / Bichua Formation,24.139039543168263,1163.873838887186,61.335775222239036,Good,720.0,,,20.847825012956044,Black cotton and gravelly loam,2023-24,4,679.7910039568684,True
Odisha,Rayagada,Odisha_Rayagada,19.165997486940903,83.3806030762083,,121.20629644576309,,Khondalite and calc-granulite suites,Eastern Ghats Mobile Belt,26.38667290349969,1408.69240961721,64.61607470166048,Moderate,190.0,,,25.2125188368316,Red sandy loam and laterite,2022-23,3,209.86488592004176,True
Madhya Pradesh,Jhabua,Madhya_Pradesh_Jhabua,22.667310226327178,74.62609376146433,,31970.048205353447,,Manganese-bearing quartzites and phyllites,Aravalli Supergroup / Lunavada Group,26.668723392433932,780.4508031247492,42.95456260766064,Moderate,450.0,,,18.384341660679322,Shallow black and skeletal soil,2023-24,4,322.0855463291136,True
Maharashtra,Bhandara,Maharashtra_Bhandara,21.182207543948998,79.66540812565049,,494072.58502262394,,"Gondite, quartzite and manganese oxide lenses",Sausar Group / Dongri Buzurg Formation,27.32227271789615,1259.1624442491093,70.76520456536815,Good,640.0,,,10.835807896314337,Red and yellow loamy soil,2022-23,3,241.49608104837154,True
Rajasthan,Banswara,Rajasthan_Banswara,23.52693587316352,74.46653206884716,,4788.944849325611,,"Dolomitic limestone, quartzite and phyllite",Aravalli Supergroup / Ghatol-Tambesra Belt,26.71753697847695,940.1277434801906,41.12918505411208,Moderate,490.0,,,16.251725008565195,Mixed red and black soil,2023-24,4,242.47561660445098,True
Odisha,Kendujhar,Odisha_Kendujhar,21.53882890837524,85.54863179812332,,443923.71459654847,,"Banded iron formation, shale and chert",Iron Ore Group (Barbil / Joda / Jamda-Koira Belt),25.113983474995482,1526.9560252672247,77.90410730627978,Good,240.0,,,22.3140772238698,Red lateritic and ferric soil,2022-23,3,568.2637549905783,True
Madhya Pradesh,Jhabua,Madhya_Pradesh_Jhabua,22.760097573952372,74.55346745118916,,33967.667553928084,,Manganese-bearing quartzites and phyllites,Aravalli Supergroup / Lunavada Group,26.42961337091841,802.0063031910862,46.225931783320526,Moderate,450.0,,,19.084843884154076,Shallow black and skeletal soil,2022-23,3,317.1456818817971,True
Odisha,Rayagada,Odisha_Rayagada,19.192599387628377,83.41615412832819,,112.30459696719292,,Khondalite and calc-granulite suites,Eastern Ghats Mobile Belt,26.69549213574598,1352.1780180103697,67.5569277685384,Moderate,190.0,,,23.08942511607855,Red sandy loam and laterite,2022-23,3,225.5249547213435,True
Maharashtra,Nagpur,Maharashtra_Nagpur,21.17322996141099,79.07416190471127,,286073.3714922696,,Gondite and braunite-bearing quartzites,Sausar Group / Mansar Formation (Gumgaon-Ramtek),26.974438176563552,1159.5093631779964,56.873044104262625,Good,620.0,,,11.789309985636843,Deep black cotton soil,2022-23,3,294.66579577529006,True
Karnataka,Davangere,Karnataka_Davangere,14.522847154668813,75.93310347931677,,34468.21061286563,,Dharwar metabasalts and metasediments,Dharwar Supergroup / Shimoga Belt,25.676176458533835,706.8468488049133,43.15422711620946,Good,330.0,,,9.719262154628076,Black and red loam,2022-23,3,613.5097586069184,True
Odisha,Sundargarh,Odisha_Sundargarh,22.112193160362864,84.04892574905818,,116709.52197656571,,Gonditic metasediments and quartzites,Gangpur Group / Sausar-equivalent belt,26.020396015827405,1422.0080416609867,73.09747763772825,Good,310.0,,,17.44781371672271,Red and yellow soil,2022-23,3,235.37178627357665,True
Madhya Pradesh,Katni,Madhya_Pradesh_Katni,23.881809003730478,80.35487507921947,,2.0159085079954515,,"Limestone, dolomite and BIF association",Vindhyan Supergroup / Mahakoshal Group,25.0134560056307,1182.482083348265,58.003490795303016,Good,800.0,,,9.38012800560823,Alluvial and red loam,2022-23,3,364.10246890181554,True
Madhya Pradesh,Alirajpur,Madhya_Pradesh_Alirajpur,22.268174775136604,74.35455805166683,,706.2552649874046,,"Phyllite, quartzite and gondite metasediments",Aravalli / Sausar Supergroup transition,26.980704150235507,877.6924372339282,45.25656660682861,Moderate,420.0,,,19.797594522434316,Mixed red and black soil,2022-23,3,283.5110294417212,True
Odisha,Rayagada,Odisha_Raygada,19.200900772971888,83.44228505637992,,83.99074058612293,,Khondalite and calc-granulite suites,Eastern Ghats Mobile Belt,26.8976170392444,1500.389026892301,66.15829920438175,Moderate,190.0,,,25.78516840207213,Red sandy loam and laterite,2022-23,3,221.6381843630608,True
Karnataka,Tumakuru,Karnataka_Tumakuru,13.269555554811433,77.10434484309643,,8936.530981836177,,"Amphibolite, quartzites and Dharwar schists",Dharwar Supergroup / Closepet Granites boundary,25.722917199180273,797.345632200113,50.68158281600421,Good,390.0,,,15.740014236304335,Red loamy and gravelly soil,2022-23,3,813.6571206172631,True
Madhya Pradesh,Chhindwara,Madhya_Pradesh_Chhindwara,22.111425004838107,78.93868212722407,,38211.759786705064,,"Gondite, dolomitic marble and calc-silicate",Sausar Group / Bichua Formation,24.675727210103464,1249.459026377124,58.51042683371175,Good,720.0,,,20.728995340885703,Black cotton and gravelly loam,2023-24,4,678.0419591534667,True
Odisha,Sundargarh,Odisha_Sundargarh,22.11651081744573,84.10970244666579,,109769.46277538194,,Gonditic metasediments and quartzites,Gangpur Group / Sausar-equivalent belt,25.544071759107936,1500.5641495730401,71.8976057763668,Good,310.0,,,17.060385928424417,Red and yellow soil,2022-23,3,246.41319992770116,True
Madhya Pradesh,Jhabua,Madhya_Pradesh_Jhabua,22.763857924895724,74.5648560697339,,32536.839593189754,,Manganese-bearing quartzites and phyllites,Aravalli Supergroup / Lunavada Group,26.428980105321557,837.2272713497214,41.835145605223424,Moderate,450.0,,,20.0442123781042,Shallow black and skeletal soil,2022-23,3,299.2452669161528,True
Madhya Pradesh,Balaghat,Madhya_Pradesh_Balaghat,21.855268949555853,80.22483347371542,,658967.0979673867,,"Gonditic metasediments, quartzites and schists",Sausar Group / Mansar Formation (Bharveli Belt),24.957060376876704,1469.8566814916119,73.99140277179984,Good,680.0,,,14.213292488631922,Deep red lateritic and black loam,2022-23,3,302.5836981035219,True
Karnataka,Tumakuru,Karnataka_Tumakuru,13.384899186013683,77.09571085373875,,7798.3565589015125,,"Amphibolite, quartzites and Dharwar schists",Dharwar Supergroup / Closepet Granites boundary,25.632748012027808,750.4150220131249,52.57466222321013,Good,390.0,,,15.344604904750357,Red loamy and gravelly soil,2023-24,4,803.336911817087,True
Madhya Pradesh,Chhindwara,Madhya_Pradesh_Chhindwara,22.037241690343578,78.91307735665097,,40385.12884406446,,"Gondite, dolomitic marble and calc-silicate",Sausar Group / Bichua Formation,23.99773706217282,1188.9716483456746,58.5057696299398,Good,720.0,,,18.797916754610597,Black cotton and gravelly loam,2023-24,4,679.6717925145516,True
Odisha,Sundargarh,Odisha_Sundargarh,22.17721107759666,83.99131681949063,,74008.35615325507,,Gonditic metasediments and quartzites,Gangpur Group / Sausar-equivalent belt,25.60119984961795,1492.6446073490786,71.03751775226918,Good,310.0,,,17.273204022852124,Red and yellow soil,2023-24,4,201.25018326544205,True
Odisha,Rayagada,Odisha_Raygada,19.05978662267588,83.43253735497724,,69.44331991846686,,Khondalite and calc-granulite suites,Eastern Ghats Mobile Belt,26.45883620060121,1401.4263873822567,70.42837965785701,Moderate,190.0,,,24.0309172780327,Red sandy loam and laterite,2022-23,3,238.4215730270536,True
Madhya Pradesh,Pradesh,Madhya_Pradesh_Madhya_Pradesh,23.03049941134738,78.73039546701949,,996777.909300342,,"Dolomitic limestone, quartzite and metasediments",Vindhyan / Archaean basement belt,25.086978883872863,1149.513389481767,56.34747598995392,Good,790.0,,,13.24710808277138,Black cotton and red loamy soil,2022-23,3,308.9609116243978,True
Maharashtra,Bhandara,Maharashtra_Bhandara,21.180018978905714,79.77705414717471,,704019.2788713996,,"Gondite, quartzite and manganese oxide lenses",Sausar Group / Dongri Buzurg Formation,27.167345472621278,1321.6436332366898,66.26211565209229,Good,640.0,,,11.75369102670108,Red and yellow loamy soil,2023-24,4,256.7692836226718,True
Madhya Pradesh,Alirajpur,Madhya_Pradesh_Alirajpur,22.305143423510845,74.36524303658048,,575.2837710092272,,"Phyllite, quartzite and gondite metasediments",Aravalli / Sausar Supergroup transition,26.628587435984578,878.8276866407068,47.81720271978422,Moderate,420.0,,,17.638167462915657,Mixed red and black soil,2023-24,4,288.2097783279794,True
Madhya Pradesh,Jabalpur,Madhya_Pradesh_Jabalpur,23.123808034577625,79.98406355024565,,44468.16259724415,,"Dolomite, phyllite and banded iron formation",Mahakoshal Group / Archaean basement,25.83330043401334,1268.5922580128315,60.0359611603394,Good,760.0,,,11.063033067294585,Black clay and red sandy loam,2023-24,4,412.2597150497168,True
Karnataka,Davangere,Karnataka_Davangere,14.462536509186426,75.93295457138589,,40012.54202026196,,Dharwar metabasalts and metasediments,Dharwar Supergroup / Shimoga Belt,26.057569687929604,699.7785582124978,43.830251730134,Good,330.0,,,10.657824833629093,Black and red loam,2022-23,3,586.8816057556468,True
Madhya Pradesh,Jhabua,Madhya_Pradesh_Jhabua,22.761061307288546,74.59056319545702,,31801.70851792111,,Manganese-bearing quartzites and phyllites,Aravalli Supergroup / Lunavada Group,25.814492995861038,831.8302188001229,43.975361414141375,Moderate,450.0,,,18.10805374668809,Shallow black and skeletal soil,2022-23,3,317.5802631520467,True
Madhya Pradesh,Katni,Madhya_Pradesh_Katni,23.845856666686746,80.44549789514586,,1.6372388469455132,,"Limestone, dolomite and BIF association",Vindhyan Supergroup / Mahakoshal Group,25.38980994248472,1188.142896796394,53.81335228422523,Good,800.0,,,9.888895099082442,Alluvial and red loam,2022-23,3,385.52990842640736,True
Maharashtra,Bhandara,Maharashtra_Bhandara,21.16694324491924,79.6374301467671,,705781.3722386601,,"Gondite, quartzite and manganese oxide lenses",Sausar Group / Dongri Buzurg Formation,27.004794889376676,1241.2755297474007,65.18322274549055,Good,640.0,,,9.166963277203989,Red and yellow loamy soil,2023-24,4,259.7400941581511,True
Odisha,Rayagada,Odisha_Raygada,19.17080212734905,83.41080230040328,,72.30958873630136,,Khondalite and calc-granulite suites,Eastern Ghats Mobile Belt,25.96252527552586,1357.7464199856984,68.77938341064001,Moderate,190.0,,,24.478875538520462,Red sandy loam and laterite,2022-23,3,238.82414160723894,True
Maharashtra,Bhandara,Maharashtra_Bhandara,21.122350191987252,79.61982976608746,,778861.6807028466,,"Gondite, quartzite and manganese oxide lenses",Sausar Group / Dongri Buzurg Formation,26.75304424426042,1415.1857754782122,66.13983916198966,Good,640.0,,,9.774568550771901,Red and yellow loamy soil,2023-24,4,249.95549950023238,True
Maharashtra,Nagpur,Maharashtra_Nagpur,21.16697653628503,79.14273714848343,,280758.04073957144,,Gondite and braunite-bearing quartzites,Sausar Group / Mansar Formation (Gumgaon-Ramtek),27.805127715307396,1134.7399913696772,62.872603513126585,Good,620.0,,,12.9874051450464,Deep black cotton soil,2023-24,4,281.7880235803891,True
Maharashtra,Nagpur,Maharashtra_Nagpur,21.221086995208164,79.08141120814318,,282975.7175233156,,Gondite and braunite-bearing quartzites,Sausar Group / Mansar Formation (Gumgaon-Ramtek),27.199992773281142,1124.799586593269,59.667684316100534,Good,620.0,,,12.119225861127392,Deep black cotton soil,2022-23,3,316.20688475785323,True
Odisha,Kendujhar,Odisha_Kendujhar,21.694795759904135,85.59408480327636,,515156.93069993187,,"Banded iron formation, shale and chert",Iron Ore Group (Barbil / Joda / Jamda-Koira Belt),25.356913423090607,1554.1074458716582,78.33061507109436,Good,240.0,,,22.006016680436073,Red lateritic and ferric soil,2023-24,4,588.843203290534,True
Madhya Pradesh,Jabalpur,Madhya_Pradesh_Jabalpur,23.216955758382717,80.00603066835976,,74814.98043636615,,"Dolomite, phyllite and banded iron formation",Mahakoshal Group / Archaean basement,25.903089023446004,1246.1553925193166,62.4232194655901,Good,760.0,,,13.94028946488359,Black clay and red sandy loam,2022-23,3,429.0045938738898,True
Madhya Pradesh,Chhindwara,Madhya_Pradesh_Chhindwara,21.91146348699141,78.86926146370378,,47496.24679215222,,"Gondite, dolomitic marble and calc-silicate",Sausar Group / Bichua Formation,23.174291968451527,1165.3096595669163,58.7657714727701,Good,720.0,,,19.335841256933023,Black cotton and gravelly loam,2022-23,3,681.7765290141148,True
Madhya Pradesh,Chhindwara,Madhya_Pradesh_Chhindwara,22.147116812496122,78.93812320587294,,47463.973829170274,,"Gondite, dolomitic marble and calc-silicate",Sausar Group / Bichua Formation,24.679689346014946,1131.9916913802208,57.031939736854646,Good,720.0,,,18.28789795812106,Black cotton and gravelly loam,2023-24,4,681.120542653219,True
Madhya Pradesh,Balaghat,Madhya_Pradesh_Balaghat,21.758310333911936,80.17356671714637,,980170.1035935245,,"Gonditic metasediments, quartzites and schists",Sausar Group / Mansar Formation (Bharveli Belt),24.961595391907,1456.649626146816,71.92877852761981,Good,680.0,,,14.997656019309199,Deep red lateritic and black loam,2023-24,4,290.86711859003844,True
Madhya Pradesh,Pradesh,Madhya_Pradesh_Madhya_Pradesh,22.99807256798759,78.61691151085321,,934954.1646083518,,"Dolomitic limestone, quartzite and metasediments",Vindhyan / Archaean basement belt,25.362836324282096,1166.4112991699037,57.44624403681233,Good,790.0,,,13.71720425085243,Black cotton and red loamy soil,2022-23,3,298.3761855106809,True
Maharashtra,Bhandara,Maharashtra_Bhandara,21.104171389709734,79.65907926861854,,767653.008404219,,"Gondite, quartzite and manganese oxide lenses",Sausar Group / Dongri Buzurg Formation,27.355334448284086,1300.9500365041415,66.92673961206538,Good,640.0,,,8.583157907403127,Red and yellow loamy soil,2023-24,4,255.0337463864256,True
Madhya Pradesh,Alirajpur,Madhya_Pradesh_Alirajpur,22.284588393651013,74.38892222437678,,884.2428782995433,,"Phyllite, quartzite and gondite metasediments",Aravalli / Sausar Supergroup transition,26.91586405424867,868.8014491419016,45.39476048105911,Moderate,420.0,,,16.59573090190925,Mixed red and black soil,2022-23,3,310.1891176601134,True
Maharashtra,Bhandara,Maharashtra_Bhandara,21.17024711797198,79.65513056751647,,741477.1100107753,,"Gondite, quartzite and manganese oxide lenses",Sausar Group / Dongri Buzurg Formation,27.32345205705922,1380.744123663573,67.53364574356848,Good,640.0,,,9.890265818369816,Red and yellow loamy soil,2023-24,4,256.3562969781427,True
Karnataka,Ballari,Karnataka_Ballari,15.153008399074734,76.9482031696881,,312412.51825629425,,Serpentinized ultramafic rocks and Dharwar schists,Dharwar Supergroup / Sandur Schist Belt,27.72186863220681,613.9192230529608,42.00598658239991,Good,380.0,,,13.585526934164141,Red sandy loam and black soil,2022-23,3,472.37737805653586,True
Madhya Pradesh,Katni,Madhya_Pradesh_Katni,23.76809618627259,80.35389825161656,,2.0083651764015182,,"Limestone, dolomite and BIF association",Vindhyan Supergroup / Mahakoshal Group,26.304806676915184,1165.2484147892003,54.99851051248617,Good,800.0,,,9.765186913088522,Alluvial and red loam,2022-23,3,376.6843225898252,True
Madhya Pradesh,Katni,Madhya_Pradesh_Katni,23.84694191482577,80.41209313829316,,1.6896322694513022,,"Limestone, dolomite and BIF association",Vindhyan Supergroup / Mahakoshal Group,26.01689568791887,1138.977517151764,56.67975072238541,Good,800.0,,,10.663168032359406,Alluvial and red loam,2022-23,3,401.2420200200336,True
Madhya Pradesh,Katni,Madhya_Pradesh_Katni,23.876121290991588,80.44320537570886,,1.9215233720103877,,"Limestone, dolomite and BIF association",Vindhyan Supergroup / Mahakoshal Group,25.81262097437923,1135.3313603463555,55.99073405555131,Good,800.0,,,8.819789935510526,Alluvial and red loam,2022-23,3,395.0416257237855,True
Madhya Pradesh,Balaghat,Madhya_Pradesh_Balaghat,21.79058914616042,80.21602714556971,,843360.21307095,,"Gonditic metasediments, quartzites and schists",Sausar Group / Mansar Formation (Bharveli Belt),24.999512571994828,1474.6219264616961,73.97227263392153,Good,680.0,,,15.472082362675687,Deep red lateritic and black loam,2023-24,4,312.1610205303845,True
Odisha,Sundargarh,Odisha_Sundargarh,22.085331759256977,84.01629349692388,,101597.27613341896,,Gonditic metasediments and quartzites,Gangpur Group / Sausar-equivalent belt,26.03567406058043,1530.4477158416614,70.4753530839447,Good,310.0,,,17.698566345371503,Red and yellow soil,2022-23,3,241.1389169493794,True
Madhya Pradesh,Jabalpur,Madhya_Pradesh_Jabalpur,23.279305205802356,79.93130737377919,,47571.85820161345,,"Dolomite, phyllite and banded iron formation",Mahakoshal Group / Archaean basement,25.528575995446403,1269.1411608771193,62.21929550914802,Good,760.0,,,11.758244471121607,Black clay and red sandy loam,2023-24,4,433.080218497352,True
Madhya Pradesh,Jabalpur,Madhya_Pradesh_Jabalpur,23.2396620072583,79.96814115423102,,69430.06840268405,,"Dolomite, phyllite and banded iron formation",Mahakoshal Group / Archaean basement,25.755654386368334,1267.9887714131985,61.69262979127596,Good,760.0,,,13.118347913388204,Black clay and red sandy loam,2022-23,3,427.9835185826887,True
Madhya Pradesh,Katni,Madhya_Pradesh_Katni,23.831205752807165,80.38782457205185,,1.963647608204437,,"Limestone, dolomite and BIF association",Vindhyan Supergroup / Mahakoshal Group,25.959258302121633,1147.5748631823483,58.89025191385307,Good,800.0,,,9.92803744770978,Alluvial and red loam,2022-23,3,375.2807455539811,True
Karnataka,Tumakuru,Karnataka_Tumakuru,13.45326843444918,77.07753659659717,,8157.532553601682,,"Amphibolite, quartzites and Dharwar schists",Dharwar Supergroup / Closepet Granites boundary,25.5793751161382,736.5167167096023,52.63802639548279,Good,390.0,,,14.087122013281173,Red loamy and gravelly soil,2023-24,4,843.5295023496816,True
Odisha,Rayagada,Odisha_Raygada,19.150366673486932,83.36077561360806,,80.07734106316846,,Khondalite and calc-granulite suites,Eastern Ghats Mobile Belt,26.521670769287987,1392.5888653094275,68.22079145122444,Moderate,190.0,,,24.432594451726153,Red sandy loam and laterite,2022-23,3,191.84562196216876,True
Rajasthan,Banswara,Rajasthan_Banswara,23.553314557721055,74.40865780253436,,7303.819520509194,,"Dolomitic limestone, quartzite and phyllite",Aravalli Supergroup / Ghatol-Tambesra Belt,26.9029769693531,911.09025709924,43.58986450583126,Moderate,490.0,,,14.403911100343834,Mixed red and black soil,2022-23,3,238.39439433473424,True
Madhya Pradesh,Pradesh,Madhya_Pradesh_Madhya_Pradesh,22.997963967084505,78.68083388188299,,946570.8531728133,,"Dolomitic limestone, quartzite and metasediments",Vindhyan / Archaean basement belt,25.834685998884833,1185.1655476207893,59.26019863280903,Good,790.0,,,14.97366351134409,Black cotton and red loamy soil,2023-24,4,321.7949086001975,True
Karnataka,Chitradurga,Karnataka_Chitradurga,14.258708806507768,76.45749593158743,,2734.9112687151805,,Banded iron formation and Dharwar schists,Dharwar Supergroup / Chitradurga Schist Belt,26.22189019070623,594.2246800842496,40.607130135616174,Good,360.0,,,14.644186028873445,Red sandy loam,2022-23,3,727.9248842446906,True
Madhya Pradesh,Pradesh,Madhya_Pradesh_Madhya_Pradesh,22.958949182999863,78.67098137887211,,887269.3065593535,,"Dolomitic limestone, quartzite and metasediments",Vindhyan / Archaean basement belt,25.427646050719,1155.1961732894567,59.267360957513404,Good,790.0,,,14.102031297240574,Black cotton and red loamy soil,2022-23,3,299.1705927584809,True
Madhya Pradesh,Chhindwara,Madhya_Pradesh_Chhindwara,22.046593794826517,79.0090536496907,,44832.649488872965,,"Gondite, dolomitic marble and calc-silicate",Sausar Group / Bichua Formation,24.117459723238802,1180.1283831226667,57.631648506969555,Good,720.0,,,18.25018666171548,Black cotton and gravelly loam,2022-23,3,673.5233099653818,True
Karnataka,Tumakuru,Karnataka_Tumakuru,13.396168303735111,77.09440248898414,,9948.990889280556,,"Amphibolite, quartzites and Dharwar schists",Dharwar Supergroup / Closepet Granites boundary,25.407924301440275,722.7395888572431,48.62829464764671,Good,390.0,,,14.105792648020522,Red loamy and gravelly soil,2022-23,3,841.3266637397738,True
Odisha,Rayagada,Odisha_Raygada,19.07391557092995,83.33663817022246,,76.08838087170662,,Khondalite and calc-granulite suites,Eastern Ghats Mobile Belt,26.50132868806751,1401.8241639846574,71.43759000609973,Moderate,190.0,,,23.9112035522875,Red sandy loam and laterite,2022-23,3,206.8524375341583,True
Madhya Pradesh,Chhindwara,Madhya_Pradesh_Chhindwara,22.098607816126112,78.94556231325086,,42624.64668984957,,"Gondite, dolomitic marble and calc-silicate",Sausar Group / Bichua Formation,24.0655139304918,1208.5013127427537,60.038087386483525,Good,720.0,,,19.473087198027475,Black cotton and gravelly loam,2023-24,4,689.4398635873026,True
Madhya Pradesh,Balaghat,Madhya_Pradesh_Balaghat,21.871818142887584,80.0857651148584,,827833.3591065976,,"Gonditic metasediments, quartzites and schists",Sausar Group / Mansar Formation (Bharveli Belt),25.038714592902537,1421.5047363907686,72.00267969350898,Good,680.0,,,16.697816839000005,Deep red lateritic and black loam,2023-24,4,280.73473744760645,True
Odisha,Sundargarh,Odisha_Sundargarh,22.08526633285906,84.13609696368304,,106115.35796515507,,Gonditic metasediments and quartzites,Gangpur Group / Sausar-equivalent belt,25.472436023279432,1461.1830984559358,70.02968393537834,Good,310.0,,,16.74539183023397,Red and yellow soil,2022-23,3,260.0261292162072,True
Maharashtra,Nagpur,Maharashtra_Nagpur,21.10588592067024,79.08480597873351,,270959.0766068947,,Gondite and braunite-bearing quartzites,Sausar Group / Mansar Formation (Gumgaon-Ramtek),26.732154355371154,1145.238518413544,59.766239627182955,Good,620.0,,,10.850796002811705,Deep black cotton soil,2023-24,4,285.9969122643478,True
Karnataka,Tumakuru,Karnataka_Tumakuru,13.375087429205422,77.06899153213593,,7993.1941435874005,,"Amphibolite, quartzites and Dharwar schists",Dharwar Supergroup / Closepet Granites boundary,25.646115185559704,784.0575197017673,47.359022031685925,Good,390.0,,,15.366209597783937,Red loamy and gravelly soil,2023-24,4,831.4928687191097,True
Karnataka,Davangere,Karnataka_Davangere,14.458760484102223,75.98307115562405,,36992.60441409647,,Dharwar metabasalts and metasediments,Dharwar Supergroup / Shimoga Belt,26.327877309722318,647.2419775219448,46.2259307609492,Good,330.0,,,11.683802295418811,Black and red loam,2022-23,3,617.1126615647984,True
Madhya Pradesh,Jhabua,Madhya_Pradesh_Jhabua,22.732838675553715,74.65409675146935,,30450.614243752927,,Manganese-bearing quartzites and phyllites,Aravalli Supergroup / Lunavada Group,27.18616961027406,851.7910386425783,41.544000238355004,Moderate,450.0,,,21.933793485188186,Shallow black and skeletal soil,2023-24,4,302.1257842374354,True
Madhya Pradesh,Pradesh,Madhya_Pradesh_Madhya_Pradesh,22.94643150153102,78.62840651742349,,1240368.1008539756,,"Dolomitic limestone, quartzite and metasediments",Vindhyan / Archaean basement belt,25.364161152686115,1145.1754343207465,55.698872759188816,Good,790.0,,,14.420226709474585,Black cotton and red loamy soil,2023-24,4,300.8073555701159,True
Madhya Pradesh,Balaghat,Madhya_Pradesh_Balaghat,21.784357840745184,80.07773166660324,,787550.910389792,,"Gonditic metasediments, quartzites and schists",Sausar Group / Mansar Formation (Bharveli Belt),24.828822886158378,1465.098686862667,71.6280866456279,Good,680.0,,,16.886759054404738,Deep red lateritic and black loam,2023-24,4,281.329860847282,True
Karnataka,Tumakuru,Karnataka_Tumakuru,13.392522550492847,77.11743930307604,,7443.712989275698,,"Amphibolite, quartzites and Dharwar schists",Dharwar Supergroup / Closepet Granites boundary,25.963734487783572,718.5809028619211,49.91112766459129,Good,390.0,,,13.804641025701898,Red loamy and gravelly soil,2023-24,4,833.7383823857274,True
Karnataka,Tumakuru,Karnataka_Tumakuru,13.363547510342993,77.07901789515479,,7276.946046797542,,"Amphibolite, quartzites and Dharwar schists",Dharwar Supergroup / Closepet Granites boundary,25.298173447718206,794.3038610494598,51.11908074123233,Good,390.0,,,15.728714234074346,Red loamy and gravelly soil,2023-24,4,805.158473515935,True
Karnataka,Davangere,Karnataka_Davangere,14.48722148144554,75.94652762858662,,41821.42666565246,,Dharwar metabasalts and metasediments,Dharwar Supergroup / Shimoga Belt,25.92261595933973,682.0588318977308,45.053170682652194,Good,330.0,,,12.327009868789315,Black and red loam,2022-23,3,625.2782018018373,True
Karnataka,Tumakuru,Karnataka_Tumakuru,13.343619465042043,77.08451402486172,,7890.948798020882,,"Amphibolite, quartzites and Dharwar schists",Dharwar Supergroup / Closepet Granites boundary,25.3141582234055,752.6647438857464,52.08974562490886,Good,390.0,,,16.68358620953802,Red loamy and gravelly soil,2023-24,4,794.884547103376,True
Madhya Pradesh,Katni,Madhya_Pradesh_Katni,23.846378829700768,80.36668433911969,,2.1278386726250087,,"Limestone, dolomite and BIF association",Vindhyan Supergroup / Mahakoshal Group,26.330877429998736,1087.2348247789491,54.40617802140662,Good,800.0,,,11.967299235842772,Alluvial and red loam,2022-23,3,382.57272904794814,True
Madhya Pradesh,Jhabua,Madhya_Pradesh_Jhabua,22.77379653651831,74.62653112038977,,31109.41545627756,,Manganese-bearing quartzites and phyllites,Aravalli Supergroup / Lunavada Group,26.33121863245398,828.8804634934488,45.99867266494898,Moderate,450.0,,,21.739648041931012,Shallow black and skeletal soil,2022-23,3,311.2926351400508,True
Madhya Pradesh,Alirajpur,Madhya_Pradesh_Alirajpur,22.327642187796222,74.4155786261567,,543.4519034543858,,"Phyllite, quartzite and gondite metasediments",Aravalli / Sausar Supergroup transition,27.031728537103614,846.5639083408568,47.300498011156726,Moderate,420.0,,,17.163942885154214,Mixed red and black soil,2023-24,4,309.74017201854457,True
Karnataka,Ballari,Karnataka_Ballari,15.204202812365443,76.93594792601372,,323537.2069437198,,Serpentinized ultramafic rocks and Dharwar schists,Dharwar Supergroup / Sandur Schist Belt,27.508174360640094,638.2258036214736,40.80050110176227,Good,380.0,,,13.376399310741787,Red sandy loam and black soil,2022-23,3,474.72956307843367,True
Maharashtra,Bhandara,Maharashtra_Bhandara,21.175417852010433,79.59684415586726,,543277.9802457098,,"Gondite, quartzite and manganese oxide lenses",Sausar Group / Dongri Buzurg Formation,27.47854352932692,1219.717568067452,66.12093689623474,Good,640.0,,,7.98589740513471,Red and yellow loamy soil,2022-23,3,243.65149433724451,True
Odisha,Rayagada,Odisha_Raygada,19.081532084432,83.42700561683685,,66.99940870896411,,Khondalite and calc-granulite suites,Eastern Ghats Mobile Belt,26.346331131463273,1440.3857813699972,67.21085429626122,Moderate,190.0,,,24.169706545142812,Red sandy loam and laterite,2022-23,3,227.6822466272278,True
Rajasthan,Banswara,Rajasthan_Banswara,23.46272391380046,74.45947081753428,,4869.19749253268,,"Dolomitic limestone, quartzite and phyllite",Aravalli Supergroup / Ghatol-Tambesra Belt,26.562127081816932,898.7023760677205,42.1069632536438,Moderate,490.0,,,13.842535367766578,Mixed red and black soil,2023-24,4,231.30782604900523,True
Madhya Pradesh,Balaghat,Madhya_Pradesh_Balaghat,21.79899906351226,80.13659996886132,,667986.6017735694,,"Gonditic metasediments, quartzites and schists",Sausar Group / Mansar Formation (Bharveli Belt),25.431515676935945,1324.1040431182846,66.44401143854286,Good,680.0,,,15.00358137399761,Deep red lateritic and black loam,2022-23,3,314.06855452377255,True
Madhya Pradesh,Jabalpur,Madhya_Pradesh_Jabalpur,23.196541774784905,79.92699778083491,,68787.95780666778,,"Dolomite, phyllite and banded iron formation",Mahakoshal Group / Archaean basement,26.242679043905508,1267.672988407183,61.59411611264926,Good,760.0,,,13.565460419169092,Black clay and red sandy loam,2022-23,3,428.85620344940617,True
Odisha,Kendujhar,Odisha_Kendujhar,21.667598650917004,85.5934173529399,,529205.3126138662,,"Banded iron formation, shale and chert",Iron Ore Group (Barbil / Joda / Jamda-Koira Belt),24.652990479131052,1519.5790865982397,76.45754005785787,Good,240.0,,,21.97775220515079,Red lateritic and ferric soil,2022-23,3,556.1665365373191,True
Rajasthan,Banswara,Rajasthan_Banswara,23.55690381736789,74.45137886328507,,5157.75582323588,,"Dolomitic limestone, quartzite and phyllite",Aravalli Supergroup / Ghatol-Tambesra Belt,26.5238318951638,943.8933306759396,43.75308720816304,Moderate,490.0,,,13.122011234034092,Mixed red and black soil,2023-24,4,247.89242211434967,True
Maharashtra,Nagpur,Maharashtra_Nagpur,21.162911855929888,79.10575964117555,,265160.1533615125,,Gondite and braunite-bearing quartzites,Sausar Group / Mansar Formation (Gumgaon-Ramtek),27.325168404668325,1186.710253223587,58.40423447276301,Good,620.0,,,14.710745527218325,Deep black cotton soil,2023-24,4,302.09926912080687,True
Karnataka,Chitradurga,Karnataka_Chitradurga,14.220734193937545,76.38788474214728,,2704.530469011816,,Banded iron formation and Dharwar schists,Dharwar Supergroup / Chitradurga Schist Belt,26.243700116509274,626.8898417684286,39.831860604559196,Good,360.0,,,16.326843470388024,Red sandy loam,2022-23,3,740.4340930787174,True
Madhya Pradesh,Chhindwara,Madhya_Pradesh_Chhindwara,22.03711578878287,78.92178640106619,,44354.9282089242,,"Gondite, dolomitic marble and calc-silicate",Sausar Group / Bichua Formation,24.36316218176906,1194.5635035217792,57.24757579243307,Good,720.0,,,20.91295480773175,Black cotton and gravelly loam,2022-23,3,671.1905598292833,True
Maharashtra,Bhandara,Maharashtra_Bhandara,21.18047791142782,79.60482048359196,,823067.0764731709,,"Gondite, quartzite and manganese oxide lenses",Sausar Group / Dongri Buzurg Formation,27.501700017644247,1362.333588577645,65.24062694971488,Good,640.0,,,8.266790896791017,Red and yellow loamy soil,2023-24,4,263.92946600274155,True
Karnataka,Chitradurga,Karnataka_Chitradurga,14.160889150114697,76.39702810464917,,3135.425597574147,,Banded iron formation and Dharwar schists,Dharwar Supergroup / Chitradurga Schist Belt,26.79019237487312,599.4796876727265,38.80971017527142,Good,360.0,,,14.48524522420646,Red sandy loam,2022-23,3,737.468017335499,True
Maharashtra,Nagpur,Maharashtra_Nagpur,21.03111780184869,79.0755024578065,,250324.44875964138,,Gondite and braunite-bearing quartzites,Sausar Group / Mansar Formation (Gumgaon-Ramtek),27.91576398728858,1167.1968114981237,62.45206781982136,Good,620.0,,,12.29123141684738,Deep black cotton soil,2023-24,4,307.5302345868407,True
Madhya Pradesh,Jabalpur,Madhya_Pradesh_Jabalpur,23.144867060908144,79.95952351905282,,69997.86768736792,,"Dolomite, phyllite and banded iron formation",Mahakoshal Group / Archaean basement,25.219701249143295,1254.1205087976637,62.67280187737975,Good,760.0,,,14.248757772410507,Black clay and red sandy loam,2022-23,3,433.16090451255053,True
Odisha,Rayagada,Odisha_Rayagada,19.15940000629399,83.4397218604,,134.10505751404907,,Khondalite and calc-granulite suites,Eastern Ghats Mobile Belt,27.151811146488207,1422.6484119615204,69.205304892613,Moderate,190.0,,,22.128781883939013,Red sandy loam and laterite,2022-23,3,193.85270856578285,True
Madhya Pradesh,Jabalpur,Madhya_Pradesh_Jabalpur,23.209286824465135,79.99663627400417,,73051.58463457081,,"Dolomite, phyllite and banded iron formation",Mahakoshal Group / Archaean basement,25.42792053476208,1235.825666072031,60.83869719450883,Good,760.0,,,12.795930484951565,Black clay and red sandy loam,2022-23,3,420.7762221210456,True
Odisha,Rayagada,Odisha_Raygada,19.21713749294252,83.47141629802884,,90.83777552763777,,Khondalite and calc-granulite suites,Eastern Ghats Mobile Belt,27.28040614449334,1425.1467907427818,64.864139167139,Moderate,190.0,,,23.58115125607496,Red sandy loam and laterite,2022-23,3,202.21761791051608,True
Madhya Pradesh,Balaghat,Madhya_Pradesh_Balaghat,21.804523646918415,80.19942122385278,,923603.2982472638,,"Gonditic metasediments, quartzites and schists",Sausar Group / Mansar Formation (Bharveli Belt),25.00980776545906,1500.521131859475,71.56554768356264,Good,680.0,,,16.971139006822913,Deep red lateritic and black loam,2023-24,4,323.01779412550843,True
Karnataka,Tumakuru,Karnataka_Tumakuru,13.370719956260999,77.09016287479369,,9235.72653714427,,"Amphibolite, quartzites and Dharwar schists",Dharwar Supergroup / Closepet Granites boundary,25.822402761238177,755.117589088352,51.309319056895575,Good,390.0,,,15.824427062384979,Red loamy and gravelly soil,2022-23,3,808.0651624930413,True
Karnataka,Tumakuru,Karnataka_Tumakuru,13.222675247026197,77.05110730121223,,7585.749805769607,,"Amphibolite, quartzites and Dharwar schists",Dharwar Supergroup / Closepet Granites boundary,25.470792925870693,735.3518533171004,49.12002459094058,Good,390.0,,,15.23694861154595,Red loamy and gravelly soil,2023-24,4,838.8126097710475,True
Rajasthan,Banswara,Rajasthan_Banswara,23.55770161585934,74.52793119167526,,6281.051126890277,,"Dolomitic limestone, quartzite and phyllite",Aravalli Supergroup / Ghatol-Tambesra Belt,27.40354691882573,931.6110520205503,41.71194467989065,Moderate,490.0,,,13.609314570024743,Mixed red and black soil,2022-23,3,242.74660150884105,True
Madhya Pradesh,Katni,Madhya_Pradesh_Katni,23.81849023419986,80.45438725002836,,2.403952620824139,,"Limestone, dolomite and BIF association",Vindhyan Supergroup / Mahakoshal Group,25.978464386966788,1126.1228875589682,55.78955173149826,Good,800.0,,,10.674454988480468,Alluvial and red loam,2022-23,3,390.28685162333244,True
Rajasthan,Banswara,Rajasthan_Banswara,23.51711555793929,74.4007496310965,,5376.844102602074,,"Dolomitic limestone, quartzite and phyllite",Aravalli Supergroup / Ghatol-Tambesra Belt,27.02506179794872,922.92191055282,43.925921146498894,Moderate,490.0,,,16.785318394224728,Mixed red and black soil,2023-24,4,226.89558932522482,True
Madhya Pradesh,Balaghat,Madhya_Pradesh_Balaghat,21.742195115482424,80.18817941437788,,909326.529611678,,"Gonditic metasediments, quartzites and schists",Sausar Group / Mansar Formation (Bharveli Belt),24.523909571798736,1452.0430174765233,69.14572719562752,Good,680.0,,,14.713606664916302,Deep red lateritic and black loam,2023-24,4,318.87565882562035,True
Odisha,Kendujhar,Odisha_Kendujhar,21.57061448348322,85.56607289589603,,554063.6002189912,,"Banded iron formation, shale and chert",Iron Ore Group (Barbil / Joda / Jamda-Koira Belt),25.14302035117859,1427.3724994144213,80.19199750045088,Good,240.0,,,21.80923953966545,Red lateritic and ferric soil,2022-23,3,605.5877902081685,True
Odisha,Kendujhar,Odisha_Kendujhar,21.596520547244292,85.61682234315633,,548699.3461975963,,"Banded iron formation, shale and chert",Iron Ore Group (Barbil / Joda / Jamda-Koira Belt),25.315480238530043,1580.559734238266,77.55521906055708,Good,240.0,,,22.11458443702388,Red lateritic and ferric soil,2022-23,3,559.404954746717,True
Odisha,Kendujhar,Odisha_Kendujhar,21.58603194692553,85.56755541033546,,548454.8779139355,,"Banded iron formation, shale and chert",Iron Ore Group (Barbil / Joda / Jamda-Koira Belt),25.192060153636024,1559.6966972582832,74.7549196946689,Good,240.0,,,21.38370691180789,Red lateritic and ferric soil,2022-23,3,563.4401704694251,True
Maharashtra,Bhandara,Maharashtra_Bhandara,21.140415863671393,79.70290586915499,,732488.9084553941,,"Gondite, quartzite and manganese oxide lenses",Sausar Group / Dongri Buzurg Formation,26.786482326224913,1266.8660501701609,64.86741016883799,Good,640.0,,,10.711977022991052,Red and yellow loamy soil,2023-24,4,248.95434918424888,True
Madhya Pradesh,Jhabua,Madhya_Pradesh_Jhabua,22.775193860256106,74.59741652676678,,33552.911736529066,,Manganese-bearing quartzites and phyllites,Aravalli Supergroup / Lunavada Group,26.484903243625684,844.4877997630755,47.99502835560953,Moderate,450.0,,,17.892807652670314,Shallow black and skeletal soil,2022-23,3,326.22192569463294,True
Madhya Pradesh,Alirajpur,Madhya_Pradesh_Alirajpur,22.356381010488796,74.3414930244046,,692.1073380604712,,"Phyllite, quartzite and gondite metasediments",Aravalli / Sausar Supergroup transition,26.87360195188015,790.5753658865267,44.57024687620498,Moderate,420.0,,,16.317673518208974,Mixed red and black soil,2022-23,3,258.98203896430323,True
Maharashtra,Bhandara,Maharashtra_Bhandara,21.20855516156119,79.69784079346067,,390163.1078172109,,"Gondite, quartzite and manganese oxide lenses",Sausar Group / Dongri Buzurg Formation,27.134065555457465,1192.9649678930673,65.1510745804362,Good,640.0,,,9.765874462717088,Red and yellow loamy soil,2022-23,3,241.44417364965832,True
Karnataka,Ballari,Karnataka_Ballari,15.092806876141559,77.00175021544742,,312236.9858428537,,Serpentinized ultramafic rocks and Dharwar schists,Dharwar Supergroup / Sandur Schist Belt,27.60828704955493,643.6110588498543,43.96295949861623,Good,380.0,,,14.555360228508576,Red sandy loam and black soil,2022-23,3,463.60858370287195,True
Karnataka,Tumakuru,Karnataka_Tumakuru,13.374496904205312,77.11047821554877,,11041.29995136788,,"Amphibolite, quartzites and Dharwar schists",Dharwar Supergroup / Closepet Granites boundary,26.030729026353868,733.9354079425154,49.478200353998304,Good,390.0,,,14.06973531272995,Red loamy and gravelly soil,2022-23,3,820.4256276599974,True
Karnataka,Davangere,Karnataka_Davangere,14.4802203642545,75.85911766999058,,36042.998674403454,,Dharwar metabasalts and metasediments,Dharwar Supergroup / Shimoga Belt,25.918865967816902,674.3675199732847,46.10238345740339,Good,330.0,,,10.21926189243653,Black and red loam,2022-23,3,591.1348622088769,True
Madhya Pradesh,Katni,Madhya_Pradesh_Katni,23.865161330390475,80.42806485243962,,1.9382470786201578,,"Limestone, dolomite and BIF association",Vindhyan Supergroup / Mahakoshal Group,25.580070112158182,1135.2898488369024,54.54277902948095,Good,800.0,,,9.624086411398448,Alluvial and red loam,2022-23,3,389.81284312866774,True
Madhya Pradesh,Jabalpur,Madhya_Pradesh_Jabalpur,23.156107473441143,79.93986104800831,,49830.69865338388,,"Dolomite, phyllite and banded iron formation",Mahakoshal Group / Archaean basement,25.198608771241396,1256.1216886517113,60.119557582148566,Good,760.0,,,12.183424892544425,Black clay and red sandy loam,2023-24,4,413.43089338594314,True
Madhya Pradesh,Chhindwara,Madhya_Pradesh_Chhindwara,22.056882449275857,78.88005602880273,,41803.28444739534,,"Gondite, dolomitic marble and calc-silicate",Sausar Group / Bichua Formation,24.123022471656782,1114.4528401770326,58.6830173710736,Good,720.0,,,19.025128711216034,Black cotton and gravelly loam,2023-24,4,656.0641605171426,True
Odisha,Rayagada,Odisha_Raygada,19.16057896495175,83.43870809984107,,75.27770768866971,,Khondalite and calc-granulite suites,Eastern Ghats Mobile Belt,26.621004302930555,1450.41026506753,70.37924401057529,Moderate,190.0,,,21.785812628956997,Red sandy loam and laterite,2022-23,3,204.45396378653297,True
Madhya Pradesh,Jabalpur,Madhya_Pradesh_Jabalpur,23.163278886199862,79.9309423098692,,46355.8252173864,,"Dolomite, phyllite and banded iron formation",Mahakoshal Group / Archaean basement,25.92996803042885,1179.0850335740183,60.03001014455111,Good,760.0,,,10.655656691581125,Black clay and red sandy loam,2023-24,4,389.85045445374186,True
Madhya Pradesh,Pradesh,Madhya_Pradesh_Madhya_Pradesh,22.98294403163714,78.72001072819727,,852120.8672603905,,"Dolomitic limestone, quartzite and metasediments",Vindhyan / Archaean basement belt,25.558388446642855,1135.251489909119,57.641699292649214,Good,790.0,,,14.377970997994698,Black cotton and red loamy soil,2022-23,3,297.9860934643267,True
Odisha,Rayagada,Odisha_Rayagada,19.22102484383469,83.43702316420797,,119.89379020709195,,Khondalite and calc-granulite suites,Eastern Ghats Mobile Belt,26.0023827227294,1455.5018012054597,67.37528911668826,Moderate,190.0,,,25.264539809338036,Red sandy loam and laterite,2022-23,3,217.9289454721966,True
Rajasthan,Banswara,Rajasthan_Banswara,23.5492439482446,74.40777713886025,,8127.083815586285,,"Dolomitic limestone, quartzite and phyllite",Aravalli Supergroup / Ghatol-Tambesra Belt,26.81166905625543,907.6416101922106,41.91484275791111,Moderate,490.0,,,15.288219063090324,Mixed red and black soil,2022-23,3,227.98194060822158,True
Odisha,Sundargarh,Odisha_Sundargarh,22.121562298933117,84.0682741909617,,87227.47045868183,,Gonditic metasediments and quartzites,Gangpur Group / Sausar-equivalent belt,25.733933468983384,1387.9520920829093,73.1548051550385,Good,310.0,,,17.32401252418998,Red and yellow soil,2023-24,4,250.63259864763168,True
Madhya Pradesh,Pradesh,Madhya_Pradesh_Madhya_Pradesh,23.016513734229807,78.60810497020633,,865924.9418497107,,"Dolomitic limestone, quartzite and metasediments",Vindhyan / Archaean basement belt,25.956658304270608,1211.159432060088,57.75012430378468,Good,790.0,,,11.655702106211322,Black cotton and red loamy soil,2022-23,3,301.53845177591995,True
Odisha,Sundargarh,Odisha_Sundargarh,22.158652762868694,84.03813127639832,,97492.70159010353,,Gonditic metasediments and quartzites,Gangpur Group / Sausar-equivalent belt,26.379580306325487,1479.1174373323195,68.4695593693943,Good,310.0,,,17.28306858800999,Red and yellow soil,2022-23,3,229.94327208313177,True
Madhya Pradesh,Chhindwara,Madhya_Pradesh_Chhindwara,22.0595383165047,78.93343324650688,,41113.17427755206,,"Gondite, dolomitic marble and calc-silicate",Sausar Group / Bichua Formation,24.42693790393355,1200.7759100039646,55.01578832905402,Good,720.0,,,16.585892148968963,Black cotton and gravelly loam,2023-24,4,692.5430722094083,True
Odisha,Sundargarh,Odisha_Sundargarh,22.104274800739073,84.02834214320143,,113130.80035192307,,Gonditic metasediments and quartzites,Gangpur Group / Sausar-equivalent belt,26.445508969064132,1444.0436225326546,73.07259393836179,Good,310.0,,,16.493397304028797,Red and yellow soil,2022-23,3,209.4923436412183,True
Odisha,Rayagada,Odisha_Raygada,19.122694577851025,83.41259351635838,,83.6000828826685,,Khondalite and calc-granulite suites,Eastern Ghats Mobile Belt,26.545017557371942,1313.7690303229222,72.77390359914784,Moderate,190.0,,,24.751796465835454,Red sandy loam and laterite,2022-23,3,241.97431551384594,True
Madhya Pradesh,Pradesh,Madhya_Pradesh_Madhya_Pradesh,22.945452782560608,78.65332718389196,,865176.0785164129,,"Dolomitic limestone, quartzite and metasediments",Vindhyan / Archaean basement belt,25.40069977474528,1136.6119535968296,57.56391173478831,Good,790.0,,,14.223967428373447,Black cotton and red loamy soil,2022-23,3,290.0292143708493,True
Maharashtra,Nagpur,Maharashtra_Nagpur,21.160381001519713,79.05915939609196,,255670.39217377442,,Gondite and braunite-bearing quartzites,Sausar Group / Mansar Formation (Gumgaon-Ramtek),26.834732188295323,1178.2708393409264,61.977063725702926,Good,620.0,,,11.772580587356115,Deep black cotton soil,2022-23,3,305.79099329742905,True
Madhya Pradesh,Chhindwara,Madhya_Pradesh_Chhindwara,22.08300854637315,78.91666735188554,,45201.79081543486,,"Gondite, dolomitic marble and calc-silicate",Sausar Group / Bichua Formation,24.62994728429805,1137.6505617227726,56.72099321822505,Good,720.0,,,18.462188653642862,Black cotton and gravelly loam,2022-23,3,678.7192134127781,True
Madhya Pradesh,Jhabua,Madhya_Pradesh_Jhabua,22.74862490024229,74.54473760117288,,30090.62841605548,,Manganese-bearing quartzites and phyllites,Aravalli Supergroup / Lunavada Group,25.949615112499146,855.3622942326941,41.236101937272736,Moderate,450.0,,,19.465188661781443,Shallow black and skeletal soil,2022-23,3,324.15318023519325,True
Madhya Pradesh,Chhindwara,Madhya_Pradesh_Chhindwara,22.037663946384694,78.94385677893362,,42502.67924646323,,"Gondite, dolomitic marble and calc-silicate",Sausar Group / Bichua Formation,24.27127161254843,1278.0712505160916,55.74409395298866,Good,720.0,,,17.26228540486287,Black cotton and gravelly loam,2023-24,4,640.1194293768857,True
Madhya Pradesh,Alirajpur,Madhya_Pradesh_Alirajpur,22.29734185999892,74.33086159245875,,589.4654099231951,,"Phyllite, quartzite and gondite metasediments",Aravalli / Sausar Supergroup transition,26.89093274988193,906.6114970026565,48.0498433862508,Moderate,420.0,,,17.546561701631408,Mixed red and black soil,2023-24,4,253.86395394417372,True
Madhya Pradesh,Alirajpur,Madhya_Pradesh_Alirajpur,22.282762954755377,74.37835164624435,,608.9413798147328,,"Phyllite, quartzite and gondite metasediments",Aravalli / Sausar Supergroup transition,26.844308848597194,846.6332398105653,44.83263928638764,Moderate,420.0,,,16.98731614861184,Mixed red and black soil,2023-24,4,267.9242638301423,True
Maharashtra,Bhandara,Maharashtra_Bhandara,21.16930415969982,79.61227879137995,,465542.0359483684,,"Gondite, quartzite and manganese oxide lenses",Sausar Group / Dongri Buzurg Formation,27.8730311679233,1255.4268992639297,68.25470952328484,Good,640.0,,,9.337298591644736,Red and yellow loamy soil,2022-23,3,236.0609153995016,True
Odisha,Sundargarh,Odisha_Sundargarh,22.062020850574402,84.01713957031357,,76988.71681715941,,Gonditic metasediments and quartzites,Gangpur Group / Sausar-equivalent belt,25.989208620070535,1481.943703435191,71.57124978058977,Good,310.0,,,16.909129070374036,Red and yellow soil,2023-24,4,246.7193608098027,True
Karnataka,Davangere,Karnataka_Davangere,14.523495746598986,75.94206332616761,,39843.07375424929,,Dharwar metabasalts and metasediments,Dharwar Supergroup / Shimoga Belt,26.238972650289337,675.4885788253652,44.22273363786636,Good,330.0,,,11.180246071229156,Black and red loam,2022-23,3,582.3229525133419,True
Maharashtra,Bhandara,Maharashtra_Bhandara,21.20111423265292,79.61891959753946,,439145.45851661934,,"Gondite, quartzite and manganese oxide lenses",Sausar Group / Dongri Buzurg Formation,27.309836657037494,1284.2110842406928,65.01650516053974,Good,640.0,,,9.423003628622466,Red and yellow loamy soil,2022-23,3,234.71580171112956,True
Karnataka,Tumakuru,Karnataka_Tumakuru,13.43160576815597,77.05977131872271,,9010.934026711153,,"Amphibolite, quartzites and Dharwar schists",Dharwar Supergroup / Closepet Granites boundary,25.720078702763605,764.5580621699074,53.419887908024144,Good,390.0,,,16.09919155554781,Red loamy and gravelly soil,2022-23,3,823.0562869099093,True
Maharashtra,Bhandara,Maharashtra_Bhandara,21.15962862485919,79.60123126326455,,430058.0017015061,,"Gondite, quartzite and manganese oxide lenses",Sausar Group / Dongri Buzurg Formation,26.8299957940516,1284.07460613803,63.896225454203176,Good,640.0,,,9.369917489744331,Red and yellow loamy soil,2022-23,3,256.6319043870645,True
Odisha,Sundargarh,Odisha_Sundargarh,22.187943670325108,84.08258002723213,,77121.44723776316,,Gonditic metasediments and quartzites,Gangpur Group / Sausar-equivalent belt,26.02520617467097,1625.5356726509933,69.40931763106794,Good,310.0,,,16.548615549035606,Red and yellow soil,2023-24,4,237.4537380610417,True
Maharashtra,Bhandara,Maharashtra_Bhandara,21.16921756153951,79.55244497347012,,488999.3991736599,,"Gondite, quartzite and manganese oxide lenses",Sausar Group / Dongri Buzurg Formation,27.711824342215674,1329.7328097508775,67.61838946370635,Good,640.0,,,8.878568953982745,Red and yellow loamy soil,2022-23,3,229.24876032011454,True
Odisha,Rayagada,Odisha_Rayagada,19.207320608659316,83.35036657737672,,124.70219273309758,,Khondalite and calc-granulite suites,Eastern Ghats Mobile Belt,25.94279544921549,1459.4313008944346,68.6031046136258,Moderate,190.0,,,25.10916981149213,Red sandy loam and laterite,2022-23,3,214.88143226940144,True
Odisha,Sundargarh,Odisha_Sundargarh,22.11377710381809,84.01526114298301,,109321.18884168142,,Gonditic metasediments and quartzites,Gangpur Group / Sausar-equivalent belt,25.886005661474194,1464.4203945049392,71.34538913948995,Good,310.0,,,15.147838144598799,Red and yellow soil,2022-23,3,226.35481770137798,True
Madhya Pradesh,Chhindwara,Madhya_Pradesh_Chhindwara,21.980563362964194,78.95728140508905,,41837.64397496437,,"Gondite, dolomitic marble and calc-silicate",Sausar Group / Bichua Formation,24.0566228750712,1198.273375185249,58.18470807650892,Good,720.0,,,18.695573237143332,Black cotton and gravelly loam,2023-24,4,674.9915535431556,True
Odisha,Rayagada,Odisha_Raygada,19.16641532579486,83.42350707772768,,80.14853769021242,,Khondalite and calc-granulite suites,Eastern Ghats Mobile Belt,25.80915814554936,1447.0759810721288,68.54760769064704,Moderate,190.0,,,22.047184469951752,Red sandy loam and laterite,2022-23,3,208.06809387241333,True
Madhya Pradesh,Chhindwara,Madhya_Pradesh_Chhindwara,22.088169448321487,78.9870691466487,,42609.488015553216,,"Gondite, dolomitic marble and calc-silicate",Sausar Group / Bichua Formation,24.108710039558396,1218.5179842155333,53.78462122477119,Good,720.0,,,19.483982293951527,Black cotton and gravelly loam,2022-23,3,684.6683761797597,True
Madhya Pradesh,Jhabua,Madhya_Pradesh_Jhabua,22.760841816618235,74.62459088204574,,30954.65057230898,,Manganese-bearing quartzites and phyllites,Aravalli Supergroup / Lunavada Group,27.04558568672968,849.5737271360484,42.247780151544085,Moderate,450.0,,,20.860529707961444,Shallow black and skeletal soil,2023-24,4,318.86115107157235,True
Rajasthan,Banswara,Rajasthan_Banswara,23.53575176393257,74.49403115742864,,4739.974157131097,,"Dolomitic limestone, quartzite and phyllite",Aravalli Supergroup / Ghatol-Tambesra Belt,26.93078701371585,933.3506443778598,42.43916985435989,Moderate,490.0,,,15.578661633815166,Mixed red and black soil,2023-24,4,206.48961724430984,True
Madhya Pradesh,Chhindwara,Madhya_Pradesh_Chhindwara,21.97589085969061,78.93950780901012,,44331.00579159336,,"Gondite, dolomitic marble and calc-silicate",Sausar Group / Bichua Formation,23.675919390466913,1180.4537017086868,55.37940650046912,Good,720.0,,,19.878954027700892,Black cotton and gravelly loam,2022-23,3,658.2254127419019,True
Madhya Pradesh,Katni,Madhya_Pradesh_Katni,23.861184572603857,80.41470512269393,,1.973196941365696,,"Limestone, dolomite and BIF association",Vindhyan Supergroup / Mahakoshal Group,25.88094870796018,1176.6204721431411,55.40132418449656,Good,800.0,,,10.358457279217154,Alluvial and red loam,2022-23,3,381.62099455738087,True
Madhya Pradesh,Chhindwara,Madhya_Pradesh_Chhindwara,22.01401557510255,78.99470052279844,,46788.58131271234,,"Gondite, dolomitic marble and calc-silicate",Sausar Group / Bichua Formation,23.711063279787105,1223.1066023258563,59.31123612234276,Good,720.0,,,19.393376870254098,Black cotton and gravelly loam,2022-23,3,690.3614825976153,True
Madhya Pradesh,Jabalpur,Madhya_Pradesh_Jabalpur,23.190922794825596,80.02127737466078,,44744.05379627921,,"Dolomite, phyllite and banded iron formation",Mahakoshal Group / Archaean basement,25.837483382990012,1256.8789369003337,61.25844366107588,Good,760.0,,,12.79096774397258,Black clay and red sandy loam,2023-24,4,402.57290184711616,True
Madhya Pradesh,Katni,Madhya_Pradesh_Katni,23.90665658168331,80.45271315773881,,2.119405350486825,,"Limestone, dolomite and BIF association",Vindhyan Supergroup / Mahakoshal Group,25.160061640995476,1101.9267894008406,57.459657578031056,Good,800.0,,,9.935527253873827,Alluvial and red loam,2022-23,3,367.60873267060225,True
Odisha,Rayagada,Odisha_Raygada,19.177369446719066,83.37415761082262,,67.07672453380262,,Khondalite and calc-granulite suites,Eastern Ghats Mobile Belt,26.535506600727516,1469.6832111462543,63.98421389839066,Moderate,190.0,,,23.543190019261335,Red sandy loam and laterite,2022-23,3,217.99452526867273,True
Madhya Pradesh,Jhabua,Madhya_Pradesh_Jhabua,22.683659078298,74.584043458637,,29899.085774831015,,Manganese-bearing quartzites and phyllites,Aravalli Supergroup / Lunavada Group,26.22588704839969,845.7700314210742,41.72615483717913,Moderate,450.0,,,21.02451267542669,Shallow black and skeletal soil,2023-24,4,309.2760909857759,True
Madhya Pradesh,Jabalpur,Madhya_Pradesh_Jabalpur,23.224352181557183,80.01051747775021,,76814.83665153035,,"Dolomite, phyllite and banded iron formation",Mahakoshal Group / Archaean basement,25.22349241447417,1269.8195705886576,60.89085518871911,Good,760.0,,,12.550029618135351,Black clay and red sandy loam,2022-23,3,409.04960907752263,True
Karnataka,Davangere,Karnataka_Davangere,14.481818333438296,75.89058266181422,,39464.40170879851,,Dharwar metabasalts and metasediments,Dharwar Supergroup / Shimoga Belt,26.251562815670265,652.3702954379957,44.06032698300255,Good,330.0,,,12.03237010072703,Black and red loam,2022-23,3,609.6473106166418,True
Karnataka,Davangere,Karnataka_Davangere,14.505413921370309,75.90910853098991,,34596.46040302316,,Dharwar metabasalts and metasediments,Dharwar Supergroup / Shimoga Belt,25.133328602126536,610.5715948394098,43.76790194888775,Good,330.0,,,13.190305703510118,Black and red loam,2022-23,3,580.0072102629568,True
Odisha,Rayagada,Odisha_Raygada,19.119004186782302,83.3933753971079,,81.45342270736464,,Khondalite and calc-granulite suites,Eastern Ghats Mobile Belt,26.895146885336707,1450.3183815697105,67.88979580191543,Moderate,190.0,,,22.07849546945136,Red sandy loam and laterite,2022-23,3,199.74163488347537,True
Odisha,Rayagada,Odisha_Rayagada,19.218440398738373,83.36269603527495,,121.67547573221879,,Khondalite and calc-granulite suites,Eastern Ghats Mobile Belt,26.358742758518233,1435.8889626783791,66.27362867531144,Moderate,190.0,,,22.280838866123954,Red sandy loam and laterite,2022-23,3,239.0634365702752,True
Karnataka,Tumakuru,Karnataka_Tumakuru,13.344693074389214,77.05188337797233,,9603.817152276431,,"Amphibolite, quartzites and Dharwar schists",Dharwar Supergroup / Closepet Granites boundary,25.219433405731042,748.2791907058237,47.45076319596899,Good,390.0,,,14.322725815990722,Red loamy and gravelly soil,2022-23,3,789.2945068689272,True
Odisha,Rayagada,Odisha_Raygada,19.246738524063606,83.4189564626868,,65.93183970037191,,Khondalite and calc-granulite suites,Eastern Ghats Mobile Belt,26.181813988988825,1311.6600463755237,66.25756785594837,Moderate,190.0,,,23.24783913193248,Red sandy loam and laterite,2022-23,3,218.68056513493,True
Madhya Pradesh,Jabalpur,Madhya_Pradesh_Jabalpur,23.13339213656396,79.97494535456539,,47626.990687269805,,"Dolomite, phyllite and banded iron formation",Mahakoshal Group / Archaean basement,25.24141488048045,1221.3891129033846,63.81612568703597,Good,760.0,,,13.215302629941512,Black clay and red sandy loam,2023-24,4,402.2092254003666,True
Madhya Pradesh,Balaghat,Madhya_Pradesh_Balaghat,21.832303754739883,80.19333553499351,,681189.5210558557,,"Gonditic metasediments, quartzites and schists",Sausar Group / Mansar Formation (Bharveli Belt),24.917354467877704,1417.495128853337,70.5312244852174,Good,680.0,,,15.729106372929063,Deep red lateritic and black loam,2022-23,3,300.6707908212025,True
Madhya Pradesh,Jabalpur,Madhya_Pradesh_Jabalpur,23.249363467318833,79.93278575167915,,40398.80826461769,,"Dolomite, phyllite and banded iron formation",Mahakoshal Group / Archaean basement,25.492655949260925,1284.8488013352498,62.20938005977625,Good,760.0,,,12.764165756185818,Black clay and red sandy loam,2023-24,4,422.5478533958303,True
Madhya Pradesh,Jhabua,Madhya_Pradesh_Jhabua,22.747482021247876,74.59594188801954,,29329.595733812126,,Manganese-bearing quartzites and phyllites,Aravalli Supergroup / Lunavada Group,26.671033983563557,836.3117852465415,44.341250157079585,Moderate,450.0,,,21.575082827608732,Shallow black and skeletal soil,2022-23,3,314.21905776894965,True
Maharashtra,Bhandara,Maharashtra_Bhandara,21.110990262496315,79.66552900104355,,758937.7350161123,,"Gondite, quartzite and manganese oxide lenses",Sausar Group / Dongri Buzurg Formation,26.931474026014275,1306.607746565061,64.38743635863064,Good,640.0,,,10.19838116062644,Red and yellow loamy soil,2023-24,4,252.1798489295059,True
Madhya Pradesh,Pradesh,Madhya_Pradesh_Madhya_Pradesh,22.969738399223274,78.63566712687481,,996726.8509910486,,"Dolomitic limestone, quartzite and metasediments",Vindhyan / Archaean basement belt,25.537203828078013,1204.3548268410113,57.60767485127513,Good,790.0,,,14.087867637080727,Black cotton and red loamy soil,2023-24,4,347.2122892368787,True
Karnataka,Tumakuru,Karnataka_Tumakuru,13.385807130182549,77.09723221698597,,8798.174623571384,,"Amphibolite, quartzites and Dharwar schists",Dharwar Supergroup / Closepet Granites boundary,25.58814904535325,761.8215384864121,47.19041690477935,Good,390.0,,,15.434009823450108,Red loamy and gravelly soil,2023-24,4,805.3360335717642,True
Madhya Pradesh,Alirajpur,Madhya_Pradesh_Alirajpur,22.303492155374997,74.41770875222487,,764.2810008719318,,"Phyllite, quartzite and gondite metasediments",Aravalli / Sausar Supergroup transition,27.422013994090204,868.6138482549856,47.31759473673239,Moderate,420.0,,,16.735458008052085,Mixed red and black soil,2022-23,3,290.3894667574446,True
Odisha,Rayagada,Odisha_Raygada,19.135100545845294,83.42189719416665,,68.30994713107496,,Khondalite and calc-granulite suites,Eastern Ghats Mobile Belt,26.66681103856339,1367.6452943149225,68.02936027977943,Moderate,190.0,,,24.58185043930708,Red sandy loam and laterite,2022-23,3,213.95301821356793,True
Maharashtra,Nagpur,Maharashtra_Nagpur,21.126676677689847,79.1405298642752,,303591.93920202943,,Gondite and braunite-bearing quartzites,Sausar Group / Mansar Formation (Gumgaon-Ramtek),26.489339089731907,1100.244418536238,60.41082105392252,Good,620.0,,,12.56515337880977,Deep black cotton soil,2023-24,4,302.59797686269184,True
Karnataka,Ballari,Karnataka_Ballari,15.179262195379936,76.88165208491574,,316598.94435964816,,Serpentinized ultramafic rocks and Dharwar schists,Dharwar Supergroup / Sandur Schist Belt,27.75789278582202,621.2480498007067,41.07488856735084,Good,380.0,,,14.113748153486144,Red sandy loam and black soil,2022-23,3,482.41889263837567,True
Madhya Pradesh,Jhabua,Madhya_Pradesh_Jhabua,22.730126595660195,74.62111770266193,,34127.03855499543,,Manganese-bearing quartzites and phyllites,Aravalli Supergroup / Lunavada Group,26.23279623894127,849.1740891365092,41.24170149730283,Moderate,450.0,,,21.91644487673541,Shallow black and skeletal soil,2023-24,4,325.46884401404066,True
Odisha,Sundargarh,Odisha_Sundargarh,22.233997536925596,84.05245804586286,,105429.02281246288,,Gonditic metasediments and quartzites,Gangpur Group / Sausar-equivalent belt,25.57135332782231,1421.8308248562507,74.3178991647538,Good,310.0,,,17.76686729332906,Red and yellow soil,2022-23,3,241.74662203486614,True
Madhya Pradesh,Jabalpur,Madhya_Pradesh_Jabalpur,23.250394397679827,79.99731450072103,,45857.19860754473,,"Dolomite, phyllite and banded iron formation",Mahakoshal Group / Archaean basement,25.21748666561544,1170.8031672024517,59.10599084716997,Good,760.0,,,12.397280636969779,Black clay and red sandy loam,2023-24,4,416.69531370920976,True
Madhya Pradesh,Balaghat,Madhya_Pradesh_Balaghat,21.805059828086197,80.17011388437072,,777091.0975297302,,"Gonditic metasediments, quartzites and schists",Sausar Group / Mansar Formation (Bharveli Belt),24.988682008456674,1441.2267925659955,73.06138787604947,Good,680.0,,,16.964550682239334,Deep red lateritic and black loam,2023-24,4,280.89628751597206,True
Odisha,Kendujhar,Odisha_Kendujhar,21.631050102519623,85.49545967975762,,552173.5097749883,,"Banded iron formation, shale and chert",Iron Ore Group (Barbil / Joda / Jamda-Koira Belt),24.74985448715192,1535.8102668671477,75.93105026993074,Good,240.0,,,22.05649669199323,Red lateritic and ferric soil,2022-23,3,566.2731301078074,True
Madhya Pradesh,Jhabua,Madhya_Pradesh_Jhabua,22.800982918359637,74.59088856851945,,29699.42452665306,,Manganese-bearing quartzites and phyllites,Aravalli Supergroup / Lunavada Group,26.55545681767491,841.2440560889464,46.04481445072094,Moderate,450.0,,,18.846325083600238,Shallow black and skeletal soil,2022-23,3,310.9803553001356,True
Madhya Pradesh,Alirajpur,Madhya_Pradesh_Alirajpur,22.336650558013897,74.35788370131831,,600.4039059744765,,"Phyllite, quartzite and gondite metasediments",Aravalli / Sausar Supergroup transition,27.020291402135772,863.9176385415624,46.263747626242306,Moderate,420.0,,,18.19510397314289,Mixed red and black soil,2023-24,4,299.7703307419753,True
Madhya Pradesh,Pradesh,Madhya_Pradesh_Madhya_Pradesh,22.904820564180156,78.62834722011125,,836937.187235854,,"Dolomitic limestone, quartzite and metasediments",Vindhyan / Archaean basement belt,25.940222499605092,1132.1954266525831,57.51331746142452,Good,790.0,,,12.191855953129254,Black cotton and red loamy soil,2022-23,3,325.57811438554745,True
Madhya Pradesh,Pradesh,Madhya_Pradesh_Madhya_Pradesh,22.98185545900193,78.67251819728214,,1111573.5282155834,,"Dolomitic limestone, quartzite and metasediments",Vindhyan / Archaean basement belt,25.033449498765666,1144.1206956272626,55.40369328449033,Good,790.0,,,15.400881860312968,Black cotton and red loamy soil,2023-24,4,321.445145515111,True
Karnataka,Davangere,Karnataka_Davangere,14.468701367202145,75.93040392543277,,39474.78034952046,,Dharwar metabasalts and metasediments,Dharwar Supergroup / Shimoga Belt,26.10927675923972,684.7261711722201,45.12539660647343,Good,330.0,,,12.48938393893841,Black and red loam,2022-23,3,613.5880971137415,True
Madhya Pradesh,Balaghat,Madhya_Pradesh_Balaghat,21.820627263192527,80.27206101228562,,941581.2404138154,,"Gonditic metasediments, quartzites and schists",Sausar Group / Mansar Formation (Bharveli Belt),25.02368494032195,1452.2440128971843,71.94396443020851,Good,680.0,,,15.19087401505896,Deep red lateritic and black loam,2023-24,4,294.14340832188145,True
Madhya Pradesh,Alirajpur,Madhya_Pradesh_Alirajpur,22.3168635688928,74.32214777020428,,571.2640268460824,,"Phyllite, quartzite and gondite metasediments",Aravalli / Sausar Supergroup transition,27.618245791710258,881.7867465005179,45.24392141653705,Moderate,420.0,,,18.098001914099385,Mixed red and black soil,2023-24,4,282.7271289728506,True
Karnataka,Davangere,Karnataka_Davangere,14.451113258806439,76.02995940429118,,35647.95627041837,,Dharwar metabasalts and metasediments,Dharwar Supergroup / Shimoga Belt,26.64069019726716,700.142036682924,44.81006937881466,Good,330.0,,,12.319094834023574,Black and red loam,2022-23,3,607.9135647416305,True
Madhya Pradesh,Jhabua,Madhya_Pradesh_Jhabua,22.77499449902626,74.59215965302248,,31632.02097092962,,Manganese-bearing quartzites and phyllites,Aravalli Supergroup / Lunavada Group,26.827799274549875,809.8316377066936,43.27124541421352,Moderate,450.0,,,19.05732008546866,Shallow black and skeletal soil,2023-24,4,328.97238611911405,True
Odisha,Kendujhar,Odisha_Kendujhar,21.59652185083611,85.60879939368365,,512631.94067910884,,"Banded iron formation, shale and chert",Iron Ore Group (Barbil / Joda / Jamda-Koira Belt),25.410335749644965,1491.6502034767414,76.66506462619529,Good,240.0,,,22.224297307181594,Red lateritic and ferric soil,2022-23,3,568.8420860935655,True
Madhya Pradesh,Katni,Madhya_Pradesh_Katni,23.884188456845695,80.50820596992955,,1.8852813255538106,,"Limestone, dolomite and BIF association",Vindhyan Supergroup / Mahakoshal Group,26.02169753935957,1112.0058706299394,57.20998675135775,Good,800.0,,,12.30115834865203,Alluvial and red loam,2022-23,3,366.36160844134764,True
Karnataka,Chitradurga,Karnataka_Chitradurga,14.176435851388423,76.4114016947015,,3116.6577477626697,,Banded iron formation and Dharwar schists,Dharwar Supergroup / Chitradurga Schist Belt,26.1228458633387,567.4916457912572,37.40069387188927,Good,360.0,,,15.149180377617308,Red sandy loam,2022-23,3,732.7754748214293,True
Madhya Pradesh,Alirajpur,Madhya_Pradesh_Alirajpur,22.313277244659282,74.27960060989501,,666.4345469153288,,"Phyllite, quartzite and gondite metasediments",Aravalli / Sausar Supergroup transition,26.66930687211164,865.104921436238,50.242286805267334,Moderate,420.0,,,18.603006853426677,Mixed red and black soil,2022-23,3,272.96436381350674,True
Odisha,Sundargarh,Odisha_Sundargarh,22.14165931496308,84.06684393445786,,101244.17233653864,,Gonditic metasediments and quartzites,Gangpur Group / Sausar-equivalent belt,25.83605100573519,1480.8979337900378,76.02185222480102,Good,310.0,,,16.878194775946668,Red and yellow soil,2022-23,3,219.03389768086845,True
Madhya Pradesh,Alirajpur,Madhya_Pradesh_Alirajpur,22.30446288331494,74.34549403336916,,733.6406676890525,,"Phyllite, quartzite and gondite metasediments",Aravalli / Sausar Supergroup transition,26.15029095150994,851.0949635981344,45.639385954300934,Moderate,420.0,,,18.173007139652224,Mixed red and black soil,2022-23,3,275.79914381479983,True
Madhya Pradesh,Jhabua,Madhya_Pradesh_Jhabua,22.75812609105891,74.57645375215539,,32797.18935996776,,Manganese-bearing quartzites and phyllites,Aravalli Supergroup / Lunavada Group,26.7116770538927,824.8622404267103,46.16171240990174,Moderate,450.0,,,20.090800023610047,Shallow black and skeletal soil,2022-23,3,324.5648351030146,True
Madhya Pradesh,Balaghat,Madhya_Pradesh_Balaghat,21.88403283626879,80.14914335445363,,911124.6602868866,,"Gonditic metasediments, quartzites and schists",Sausar Group / Mansar Formation (Bharveli Belt),25.34285486940459,1427.9643280121115,74.58337293131734,Good,680.0,,,16.790393476966173,Deep red lateritic and black loam,2023-24,4,302.2084731399877,True
Madhya Pradesh,Pradesh,Madhya_Pradesh_Madhya_Pradesh,22.942665773618085,78.6603397392299,,783797.3473216044,,"Dolomitic limestone, quartzite and metasediments",Vindhyan / Archaean basement belt,24.880053298869125,1161.0010502430869,57.185358892058005,Good,790.0,,,13.350737080389864,Black cotton and red loamy soil,2022-23,3,302.0893468745172,True
Madhya Pradesh,Chhindwara,Madhya_Pradesh_Chhindwara,22.068491581248434,78.95760327068255,,37624.988990235266,,"Gondite, dolomitic marble and calc-silicate",Sausar Group / Bichua Formation,24.402748689962326,1189.6765222835659,62.37172753283525,Good,720.0,,,19.150921526806496,Black cotton and gravelly loam,2023-24,4,658.8365800669901,True
Karnataka,Tumakuru,Karnataka_Tumakuru,13.337292303464904,77.06489973974227,,10923.154634631946,,"Amphibolite, quartzites and Dharwar schists",Dharwar Supergroup / Closepet Granites boundary,25.134619574985976,823.2112438969119,49.921802157566894,Good,390.0,,,14.076520220066696,Red loamy and gravelly soil,2022-23,3,817.4254017193035,True
Madhya Pradesh,Alirajpur,Madhya_Pradesh_Alirajpur,22.279079255174054,74.29081331935492,,762.6550368216489,,"Phyllite, quartzite and gondite metasediments",Aravalli / Sausar Supergroup transition,27.12990776731493,826.021690137254,46.984593823876075,Moderate,420.0,,,16.60632751563383,Mixed red and black soil,2022-23,3,276.8306496534216,True
Madhya Pradesh,Pradesh,Madhya_Pradesh_Madhya_Pradesh,22.878149306395123,78.69825144671755,,1061239.1134800783,,"Dolomitic limestone, quartzite and metasediments",Vindhyan / Archaean basement belt,25.370418041470984,1212.5302794650127,58.350289319789795,Good,790.0,,,12.963418025130343,Black cotton and red loamy soil,2023-24,4,296.26324141690344,True
Madhya Pradesh,Katni,Madhya_Pradesh_Katni,23.802908830113758,80.40122820517414,,2.0778964065177346,,"Limestone, dolomite and BIF association",Vindhyan Supergroup / Mahakoshal Group,25.99282353331274,1159.9289967718323,51.24541901654004,Good,800.0,,,12.084586391463844,Alluvial and red loam,2022-23,3,389.0753017082032,True
Madhya Pradesh,Alirajpur,Madhya_Pradesh_Alirajpur,22.285680750045806,74.37075472592556,,805.6779912895298,,"Phyllite, quartzite and gondite metasediments",Aravalli / Sausar Supergroup transition,26.72500377010594,873.4836550311738,42.30732597775904,Moderate,420.0,,,18.60845173642968,Mixed red and black soil,2022-23,3,271.64329121174285,True
Madhya Pradesh,Jabalpur,Madhya_Pradesh_Jabalpur,23.256947566342244,79.96453848827886,,80696.01524328206,,"Dolomite, phyllite and banded iron formation",Mahakoshal Group / Archaean basement,24.527677046790664,1289.7422067554446,59.443823274576395,Good,760.0,,,13.126866976295842,Black clay and red sandy loam,2022-23,3,381.23785165306504,True
Odisha,Rayagada,Odisha_Rayagada,19.18122036990858,83.44459953247684,,131.85483091568923,,Khondalite and calc-granulite suites,Eastern Ghats Mobile Belt,26.59693553632678,1400.65442398564,68.91711827242433,Moderate,190.0,,,25.104940488957727,Red sandy loam and laterite,2022-23,3,249.16145672834148,True
Rajasthan,Banswara,Rajasthan_Banswara,23.529035800677637,74.48149777780752,,6103.233664092114,,"Dolomitic limestone, quartzite and phyllite",Aravalli Supergroup / Ghatol-Tambesra Belt,27.299518268836124,869.1130739653737,44.40540161307229,Moderate,490.0,,,15.446661515278903,Mixed red and black soil,2023-24,4,233.91613599326809,True
Madhya Pradesh,Pradesh,Madhya_Pradesh_Madhya_Pradesh,22.93779917000946,78.54639297977305,,1064415.9081771695,,"Dolomitic limestone, quartzite and metasediments",Vindhyan / Archaean basement belt,25.292858333039014,1134.4186792044668,56.01955569992245,Good,790.0,,,13.492599423599575,Black cotton and red loamy soil,2023-24,4,307.479507894153,True
Odisha,Rayagada,Odisha_Raygada,19.177156816509196,83.44975629239573,,84.79496031961686,,Khondalite and calc-granulite suites,Eastern Ghats Mobile Belt,26.50468153445055,1375.8321295702103,70.58205811036827,Moderate,190.0,,,25.93538118352911,Red sandy loam and laterite,2022-23,3,219.18862330900345,True
Maharashtra,Bhandara,Maharashtra_Bhandara,21.18159929275699,79.73927544984791,,478615.500294162,,"Gondite, quartzite and manganese oxide lenses",Sausar Group / Dongri Buzurg Formation,27.328216526777513,1322.5843979761169,65.42342908374536,Good,640.0,,,10.496120708088785,Red and yellow loamy soil,2022-23,3,239.94404586856837,True
Madhya Pradesh,Alirajpur,Madhya_Pradesh_Alirajpur,22.324568112745936,74.26532102965508,,567.6441315591159,,"Phyllite, quartzite and gondite metasediments",Aravalli / Sausar Supergroup transition,26.80410074620178,887.418923788366,41.23322259408528,Moderate,420.0,,,19.14025328094428,Mixed red and black soil,2023-24,4,310.04905846411845,True
Madhya Pradesh,Pradesh,Madhya_Pradesh_Madhya_Pradesh,22.972055862401756,78.63723836695371,,1289523.0641164707,,"Dolomitic limestone, quartzite and metasediments",Vindhyan / Archaean basement belt,24.85662238434498,1205.7617081602805,57.52150876828233,Good,790.0,,,13.097888861818948,Black cotton and red loamy soil,2023-24,4,315.2699192109915,True
Madhya Pradesh,Jabalpur,Madhya_Pradesh_Jabalpur,23.17389713308397,79.90420954769299,,78007.75636986792,,"Dolomite, phyllite and banded iron formation",Mahakoshal Group / Archaean basement,25.895377912043674,1286.5104926973963,64.95892428770439,Good,760.0,,,14.049498605863318,Black clay and red sandy loam,2022-23,3,408.17120800490983,True
Karnataka,Ballari,Karnataka_Ballari,15.169378280616263,76.94746162482576,,293196.9874143832,,Serpentinized ultramafic rocks and Dharwar schists,Dharwar Supergroup / Sandur Schist Belt,27.257880589949192,608.6159012877126,45.00405850368626,Good,380.0,,,13.82363404951067,Red sandy loam and black soil,2022-23,3,487.32401969681456,True
Madhya Pradesh,Pradesh,Madhya_Pradesh_Madhya_Pradesh,22.986359610250886,78.70527058273701,,970414.2554900253,,"Dolomitic limestone, quartzite and metasediments",Vindhyan / Archaean basement belt,24.6347453074373,1173.055357420059,57.30016226069005,Good,790.0,,,12.814815419467683,Black cotton and red loamy soil,2022-23,3,337.5700372412355,True
Odisha,Sundargarh,Odisha_Sundargarh,22.178903968148557,84.08257588647994,,80035.4490446173,,Gonditic metasediments and quartzites,Gangpur Group / Sausar-equivalent belt,26.168117003558482,1428.3023778673771,77.06380935548435,Good,310.0,,,16.64773496505023,Red and yellow soil,2023-24,4,227.18318066676065,True
Odisha,Kendujhar,Odisha_Kendujhar,21.692616483564915,85.56751210788161,,556483.0914423798,,"Banded iron formation, shale and chert",Iron Ore Group (Barbil / Joda / Jamda-Koira Belt),25.116547277156894,1592.7982526735407,75.77044410199615,Good,240.0,,,20.89933873576564,Red lateritic and ferric soil,2022-23,3,543.4112554214107,True
Odisha,Sundargarh,Odisha_Sundargarh,22.15131362327139,83.9764854048659,,115837.66502259584,,Gonditic metasediments and quartzites,Gangpur Group / Sausar-equivalent belt,25.969653354705258,1443.7906680092167,71.45259200836446,Good,310.0,,,17.042631024437746,Red and yellow soil,2022-23,3,225.24478662568458,True
Odisha,Sundargarh,Odisha_Sundargarh,22.117900191694282,83.95936617606122,,96031.44673196466,,Gonditic metasediments and quartzites,Gangpur Group / Sausar-equivalent belt,26.233994370139857,1448.1904086371617,74.24618926088309,Good,310.0,,,15.391193290730028,Red and yellow soil,2022-23,3,243.58954620048223,True
Madhya Pradesh,Katni,Madhya_Pradesh_Katni,23.82696809774291,80.36993166998455,,1.9298873441052804,,"Limestone, dolomite and BIF association",Vindhyan Supergroup / Mahakoshal Group,25.394056249981563,1162.4291708931387,55.11617996584062,Good,800.0,,,10.11253617525784,Alluvial and red loam,2022-23,3,400.83054917322727,True
Karnataka,Chitradurga,Karnataka_Chitradurga,14.159200148038101,76.40962932711467,,2480.606923668629,,Banded iron formation and Dharwar schists,Dharwar Supergroup / Chitradurga Schist Belt,26.255854977691293,599.897874694938,36.26812023233543,Good,360.0,,,16.28117316564348,Red sandy loam,2022-23,3,726.6811867912296,True
Karnataka,Davangere,Karnataka_Davangere,14.406745968010638,75.96619878572423,,35575.30460168759,,Dharwar metabasalts and metasediments,Dharwar Supergroup / Shimoga Belt,26.75148715725973,667.2499860280883,41.594442776213384,Good,330.0,,,11.098965970745049,Black and red loam,2022-23,3,622.3514473619595,True
Madhya Pradesh,Jabalpur,Madhya_Pradesh_Jabalpur,23.170270663965972,80.04839562264517,,73695.6923409081,,"Dolomite, phyllite and banded iron formation",Mahakoshal Group / Archaean basement,24.785515071069142,1222.34624525211,58.27761263098889,Good,760.0,,,13.616235396553312,Black clay and red sandy loam,2022-23,3,404.4640486774989,True
Odisha,Sundargarh,Odisha_Sundargarh,22.192582208853715,83.97691202899234,,101089.0180884643,,Gonditic metasediments and quartzites,Gangpur Group / Sausar-equivalent belt,25.79810303439809,1538.7302843188158,71.96632655253315,Good,310.0,,,19.106884733278147,Red and yellow soil,2022-23,3,248.41371605830733,True
Madhya Pradesh,Chhindwara,Madhya_Pradesh_Chhindwara,22.068456574570153,78.9780215731265,,41939.582821475014,,"Gondite, dolomitic marble and calc-silicate",Sausar Group / Bichua Formation,23.86469593975457,1184.2321087613602,56.03379614468345,Good,720.0,,,18.757380952599725,Black cotton and gravelly loam,2023-24,4,673.0539569521725,True
Odisha,Sundargarh,Odisha_Sundargarh,22.22384505195002,84.02275583237763,,116627.37322919341,,Gonditic metasediments and quartzites,Gangpur Group / Sausar-equivalent belt,26.258892377944523,1509.5868166338764,73.6386861941195,Good,310.0,,,16.02838122698704,Red and yellow soil,2022-23,3,226.1287729749781,True
Odisha,Rayagada,Odisha_Raygada,19.13359663037061,83.4002786404794,,82.30307210145833,,Khondalite and calc-granulite suites,Eastern Ghats Mobile Belt,26.358893063074483,1440.1361042766946,69.08226167643608,Moderate,190.0,,,23.46491284662329,Red sandy loam and laterite,2022-23,3,216.34389151052653,True
Odisha,Sundargarh,Odisha_Sundargarh,22.067173291272002,84.0316155696552,,81199.18606543592,,Gonditic metasediments and quartzites,Gangpur Group / Sausar-equivalent belt,25.329190886368625,1448.6817916818998,69.48117386658774,Good,310.0,,,15.157615537969328,Red and yellow soil,2023-24,4,215.16679769603593,True
Madhya Pradesh,Pradesh,Madhya_Pradesh_Madhya_Pradesh,22.974045176611043,78.63845894877676,,878611.5581469752,,"Dolomitic limestone, quartzite and metasediments",Vindhyan / Archaean basement belt,25.86287651603309,1133.436648039857,58.32389517886104,Good,790.0,,,13.559492139152006,Black cotton and red loamy soil,2022-23,3,307.50151015065467,True
Madhya Pradesh,Pradesh,Madhya_Pradesh_Madhya_Pradesh,22.981868551366826,78.68738596967835,,1195063.9762969245,,"Dolomitic limestone, quartzite and metasediments",Vindhyan / Archaean basement belt,25.41276826446498,1188.8194939659397,52.93676086267395,Good,790.0,,,13.0923824938994,Black cotton and red loamy soil,2023-24,4,309.7989705967869,True
Karnataka,Tumakuru,Karnataka_Tumakuru,13.33632711327981,77.10528420120038,,8932.179593991577,,"Amphibolite, quartzites and Dharwar schists",Dharwar Supergroup / Closepet Granites boundary,25.487461338666915,755.9421903849958,49.79940466511319,Good,390.0,,,15.217440415303262,Red loamy and gravelly soil,2023-24,4,834.7193811519555,True
Odisha,Sundargarh,Odisha_Sundargarh,22.08922033904692,84.08142639744354,,108603.10816877967,,Gonditic metasediments and quartzites,Gangpur Group / Sausar-equivalent belt,25.754381568806625,1479.8834373346847,73.53191090545246,Good,310.0,,,17.815316072171633,Red and yellow soil,2022-23,3,266.1596131608986,True
Maharashtra,Bhandara,Maharashtra_Bhandara,21.175356543947004,79.6902467342382,,821231.397368192,,"Gondite, quartzite and manganese oxide lenses",Sausar Group / Dongri Buzurg Formation,27.631156297001255,1218.7044907246977,67.1061535740505,Good,640.0,,,9.451927066755177,Red and yellow loamy soil,2023-24,4,251.26680158872634,True
Madhya Pradesh,Jabalpur,Madhya_Pradesh_Jabalpur,23.16921491707657,79.96234156753765,,74378.41506791134,,"Dolomite, phyllite and banded iron formation",Mahakoshal Group / Archaean basement,25.72557862936719,1290.2247858533055,63.81051880298791,Good,760.0,,,14.521700452736958,Black clay and red sandy loam,2022-23,3,436.6015146062846,True
Odisha,Sundargarh,Odisha_Sundargarh,22.17713976071071,84.06000960297118,,84428.5879091595,,Gonditic metasediments and quartzites,Gangpur Group / Sausar-equivalent belt,25.794719522178013,1521.6928133116712,72.02196578516481,Good,310.0,,,17.12374001441139,Red and yellow soil,2023-24,4,207.32790260404312,True
Madhya Pradesh,Jhabua,Madhya_Pradesh_Jhabua,22.79719570039251,74.59189948564749,,34057.94649286868,,Manganese-bearing quartzites and phyllites,Aravalli Supergroup / Lunavada Group,25.869832457893036,881.7756346780718,47.78609777084509,Moderate,450.0,,,19.786203138150043,Shallow black and skeletal soil,2022-23,3,312.428733958769,True
Karnataka,Tumakuru,Karnataka_Tumakuru,13.346720592213423,77.09400127853144,,7464.915527437739,,"Amphibolite, quartzites and Dharwar schists",Dharwar Supergroup / Closepet Granites boundary,25.68976835000349,765.203853173825,50.4893638509747,Good,390.0,,,16.14825642451599,Red loamy and gravelly soil,2023-24,4,837.684601803139,True
Rajasthan,Banswara,Rajasthan_Banswara,23.56240913478472,74.4220783848665,,6413.582088017177,,"Dolomitic limestone, quartzite and phyllite",Aravalli Supergroup / Ghatol-Tambesra Belt,27.1209334148235,867.7740109160673,42.96048230502353,Moderate,490.0,,,15.614440122892475,Mixed red and black soil,2022-23,3,231.81224056578287,True
Maharashtra,Nagpur,Maharashtra_Nagpur,21.165791524171834,79.02103558289505,,278170.8681457488,,Gondite and braunite-bearing quartzites,Sausar Group / Mansar Formation (Gumgaon-Ramtek),28.10722389457154,1140.2231894309036,56.53004783590914,Good,620.0,,,11.6881086877446,Deep black cotton soil,2023-24,4,308.37649992515543,True
Odisha,Rayagada,Odisha_Raygada,19.20028272363097,83.47410024711957,,78.21409353444335,,Khondalite and calc-granulite suites,Eastern Ghats Mobile Belt,26.36698667823273,1297.833613462686,63.80158731487751,Moderate,190.0,,,24.389037590433762,Red sandy loam and laterite,2022-23,3,237.3518651344486,True
Madhya Pradesh,Jabalpur,Madhya_Pradesh_Jabalpur,23.143838495910806,79.9944537941286,,63250.31122013285,,"Dolomite, phyllite and banded iron formation",Mahakoshal Group / Archaean basement,26.188834254869036,1252.0150435627488,64.26713740575126,Good,760.0,,,14.328156620895797,Black clay and red sandy loam,2022-23,3,417.59274216437143,True
Karnataka,Ballari,Karnataka_Ballari,15.146716589205148,76.91847126704066,,275491.9761472613,,Serpentinized ultramafic rocks and Dharwar schists,Dharwar Supergroup / Sandur Schist Belt,27.723977658030275,640.3494025446381,44.94682616288351,Good,380.0,,,16.27299182597939,Red sandy loam and black soil,2022-23,3,483.7190708512146,True
Maharashtra,Bhandara,Maharashtra_Bhandara,21.204119952182158,79.64642160097576,,480178.47678031813,,"Gondite, quartzite and manganese oxide lenses",Sausar Group / Dongri Buzurg Formation,27.68031982000328,1275.4735863497713,64.0177873688253,Good,640.0,,,11.266304557169367,Red and yellow loamy soil,2022-23,3,249.09712861735645,True
Maharashtra,Bhandara,Maharashtra_Bhandara,21.190367370898784,79.61656949633851,,773536.5307792524,,"Gondite, quartzite and manganese oxide lenses",Sausar Group / Dongri Buzurg Formation,27.69355669835568,1365.9389916273437,66.61882567951984,Good,640.0,,,10.08271820186319,Red and yellow loamy soil,2023-24,4,276.3798851605725,True
Karnataka,Ballari,Karnataka_Ballari,15.150875644731704,76.84484881060685,,281553.3671515919,,Serpentinized ultramafic rocks and Dharwar schists,Dharwar Supergroup / Sandur Schist Belt,27.212054291922314,645.7215932288594,44.475767375837464,Good,380.0,,,12.391814188788459,Red sandy loam and black soil,2022-23,3,493.57434893475727,True
Odisha,Kendujhar,Odisha_Kendujhar,21.593000281165814,85.54198612768664,,603481.001044069,,"Banded iron formation, shale and chert",Iron Ore Group (Barbil / Joda / Jamda-Koira Belt),25.271647340107183,1626.5639464838114,78.3579091571833,Good,240.0,,,21.9121643213963,Red lateritic and ferric soil,2023-24,4,577.0525236940284,True
Karnataka,Tumakuru,Karnataka_Tumakuru,13.325210959483188,77.0267275839224,,7995.15839581813,,"Amphibolite, quartzites and Dharwar schists",Dharwar Supergroup / Closepet Granites boundary,25.788302324465327,743.6670510036517,48.79404337486599,Good,390.0,,,13.331965400110903,Red loamy and gravelly soil,2023-24,4,811.8153102847202,True
Madhya Pradesh,Pradesh,Madhya_Pradesh_Madhya_Pradesh,22.946076327936595,78.71839430207591,,818899.356712177,,"Dolomitic limestone, quartzite and metasediments",Vindhyan / Archaean basement belt,25.980081642081373,1202.9361571445736,55.630887951640396,Good,790.0,,,13.22876983376536,Black cotton and red loamy soil,2022-23,3,317.17190228545877,True
Madhya Pradesh,Jhabua,Madhya_Pradesh_Jhabua,22.768202647596837,74.5983062731067,,31094.172554180866,,Manganese-bearing quartzites and phyllites,Aravalli Supergroup / Lunavada Group,27.01317098686899,825.4933825392037,42.36641364145949,Moderate,450.0,,,21.35307357754206,Shallow black and skeletal soil,2022-23,3,303.206398342251,True
Karnataka,Tumakuru,Karnataka_Tumakuru,13.332341874245568,77.12757169208223,,8385.740919121341,,"Amphibolite, quartzites and Dharwar schists",Dharwar Supergroup / Closepet Granites boundary,25.92259875990892,780.1453140903315,49.34158120328198,Good,390.0,,,16.140209478936736,Red loamy and gravelly soil,2023-24,4,813.2221732660948,True
Madhya Pradesh,Jhabua,Madhya_Pradesh_Jhabua,22.76364314083427,74.66031416375594,,31969.15859838085,,Manganese-bearing quartzites and phyllites,Aravalli Supergroup / Lunavada Group,26.165107150492123,827.4463165419244,46.894117392062206,Moderate,450.0,,,19.03060142226138,Shallow black and skeletal soil,2022-23,3,310.29545608927634,True
Karnataka,Tumakuru,Karnataka_Tumakuru,13.307827635784276,77.10017174543574,,10114.679450586586,,"Amphibolite, quartzites and Dharwar schists",Dharwar Supergroup / Closepet Granites boundary,24.83576492503508,845.3200745383979,52.57318026257447,Good,390.0,,,13.94261325533672,Red loamy and gravelly soil,2022-23,3,813.2112268432262,True
Madhya Pradesh,Balaghat,Madhya_Pradesh_Balaghat,21.784896638814164,80.16990468665607,,880044.6391554631,,"Gonditic metasediments, quartzites and schists",Sausar Group / Mansar Formation (Bharveli Belt),25.157435364294788,1401.7602874853237,69.98338222745147,Good,680.0,,,15.820059912116694,Deep red lateritic and black loam,2023-24,4,280.5677684866058,True
Madhya Pradesh,Chhindwara,Madhya_Pradesh_Chhindwara,22.03117026150271,78.96584250263467,,40184.06782543318,,"Gondite, dolomitic marble and calc-silicate",Sausar Group / Bichua Formation,24.105018227473895,1184.9062970979896,57.96019665818683,Good,720.0,,,18.600451058411572,Black cotton and gravelly loam,2023-24,4,696.5396718720266,True
Karnataka,Tumakuru,Karnataka_Tumakuru,13.361246381720724,77.03006341844761,,10926.203079425657,,"Amphibolite, quartzites and Dharwar schists",Dharwar Supergroup / Closepet Granites boundary,25.627920570763475,793.2459117193414,53.13155906240651,Good,390.0,,,14.760382844565353,Red loamy and gravelly soil,2022-23,3,828.8099344717044,True
Madhya Pradesh,Jabalpur,Madhya_Pradesh_Jabalpur,23.187146760753304,79.91614093117015,,81029.78366026224,,"Dolomite, phyllite and banded iron formation",Mahakoshal Group / Archaean basement,25.35845956059682,1240.305167562583,59.02892168095545,Good,760.0,,,13.995634806117833,Black clay and red sandy loam,2022-23,3,407.4034348065961,True
Madhya Pradesh,Chhindwara,Madhya_Pradesh_Chhindwara,22.04277132857415,78.99416545526783,,47563.715051850435,,"Gondite, dolomitic marble and calc-silicate",Sausar Group / Bichua Formation,23.83878871419345,1101.1267919926786,57.87336028057808,Good,720.0,,,17.720503204086103,Black cotton and gravelly loam,2022-23,3,689.3152249363754,True
Madhya Pradesh,Balaghat,Madhya_Pradesh_Balaghat,21.76841822982563,80.21721507975609,,925789.3077128786,,"Gonditic metasediments, quartzites and schists",Sausar Group / Mansar Formation (Bharveli Belt),24.69830617564032,1457.3907384529523,73.71442070711322,Good,680.0,,,16.39322977698483,Deep red lateritic and black loam,2023-24,4,319.7921375317825,True
Madhya Pradesh,Jabalpur,Madhya_Pradesh_Jabalpur,23.176965840086407,79.98437487547773,,46724.678157612754,,"Dolomite, phyllite and banded iron formation",Mahakoshal Group / Archaean basement,24.598468570464767,1242.2906786704136,62.604516436970925,Good,760.0,,,13.400309908309673,Black clay and red sandy loam,2023-24,4,421.5979876934674,True
Madhya Pradesh,Jabalpur,Madhya_Pradesh_Jabalpur,23.187976774691403,80.02797476179674,,47670.36926788339,,"Dolomite, phyllite and banded iron formation",Mahakoshal Group / Archaean basement,25.62364441942829,1200.1159500215117,62.229867823162024,Good,760.0,,,12.858597329174621,Black clay and red sandy loam,2023-24,4,394.70948170448776,True
Odisha,Sundargarh,Odisha_Sundargarh,22.104871584621076,84.00160769987143,,99526.71187917601,,Gonditic metasediments and quartzites,Gangpur Group / Sausar-equivalent belt,26.062876338273018,1546.818358388425,70.8292429960539,Good,310.0,,,15.265388503062805,Red and yellow soil,2023-24,4,230.45673926449334,True
Madhya Pradesh,Katni,Madhya_Pradesh_Katni,23.815806411779146,80.3946744375861,,1.8544596323142382,,"Limestone, dolomite and BIF association",Vindhyan Supergroup / Mahakoshal Group,25.344322900442773,1099.1066779626171,59.4548365732562,Good,800.0,,,9.830389997521173,Alluvial and red loam,2022-23,3,385.9582558834064,True
Madhya Pradesh,Jhabua,Madhya_Pradesh_Jhabua,22.795802964122466,74.56143908909335,,33887.1572889435,,Manganese-bearing quartzites and phyllites,Aravalli Supergroup / Lunavada Group,26.987224822340988,823.1688737158506,42.29412436441545,Moderate,450.0,,,22.45824360573656,Shallow black and skeletal soil,2022-23,3,291.3544854173067,True
Karnataka,Tumakuru,Karnataka_Tumakuru,13.370890622146325,77.11665984149393,,8697.268505960117,,"Amphibolite, quartzites and Dharwar schists",Dharwar Supergroup / Closepet Granites boundary,25.33554716277315,811.670534713369,49.666448531996025,Good,390.0,,,16.0460522510479,Red loamy and gravelly soil,2022-23,3,816.0954379305443,True
Madhya Pradesh,Alirajpur,Madhya_Pradesh_Alirajpur,22.317161667805347,74.3841059305293,,529.7364212124069,,"Phyllite, quartzite and gondite metasediments",Aravalli / Sausar Supergroup transition,26.380844098838047,853.387787025725,47.27751876335196,Moderate,420.0,,,19.079009639236112,Mixed red and black soil,2023-24,4,301.0796324957851,True
Odisha,Rayagada,Odisha_Rayagada,19.138938267045692,83.34384598632302,,130.33110005561392,,Khondalite and calc-granulite suites,Eastern Ghats Mobile Belt,26.811194561134453,1320.7689893919176,66.91599219294805,Moderate,190.0,,,23.46648047431712,Red sandy loam and laterite,2022-23,3,241.2897133182641,True
Rajasthan,Banswara,Rajasthan_Banswara,23.53954943583511,74.41779742541631,,5193.928291583437,,"Dolomitic limestone, quartzite and phyllite",Aravalli Supergroup / Ghatol-Tambesra Belt,27.101847926540188,944.7906505970475,41.51134228964094,Moderate,490.0,,,15.967725386779474,Mixed red and black soil,2023-24,4,259.521111316225,True
Madhya Pradesh,Balaghat,Madhya_Pradesh_Balaghat,21.786457236167713,80.20384341730491,,727096.1435897382,,"Gonditic metasediments, quartzites and schists",Sausar Group / Mansar Formation (Bharveli Belt),24.646195878750287,1426.4621276014147,75.00901343717845,Good,680.0,,,16.46549677416628,Deep red lateritic and black loam,2022-23,3,317.989664446147,True
Madhya Pradesh,Chhindwara,Madhya_Pradesh_Chhindwara,22.039420662809214,78.99738361494603,,42930.5908173833,,"Gondite, dolomitic marble and calc-silicate",Sausar Group / Bichua Formation,24.18024561608951,1183.9016106621511,56.846603022145,Good,720.0,,,19.010802084856014,Black cotton and gravelly loam,2022-23,3,673.3719505097226,True
Karnataka,Chitradurga,Karnataka_Chitradurga,14.214799152043607,76.42093449880691,,2937.355765796128,,Banded iron formation and Dharwar schists,Dharwar Supergroup / Chitradurga Schist Belt,26.73646232160757,569.5191587837114,39.12065835646452,Good,360.0,,,17.100370680697225,Red sandy loam,2022-23,3,722.3465831257403,True
Madhya Pradesh,Pradesh,Madhya_Pradesh_Madhya_Pradesh,22.977748086112538,78.72594529498677,,875145.1901664335,,"Dolomitic limestone, quartzite and metasediments",Vindhyan / Archaean basement belt,25.056331553917218,1204.5437779733986,55.288947094182845,Good,790.0,,,14.874277678919064,Black cotton and red loamy soil,2022-23,3,285.2665225329651,True
Karnataka,Tumakuru,Karnataka_Tumakuru,13.319548162413632,77.10128828241506,,7116.705807622408,,"Amphibolite, quartzites and Dharwar schists",Dharwar Supergroup / Closepet Granites boundary,25.372450053677515,742.4340170480531,49.15898331312622,Good,390.0,,,14.365669006474455,Red loamy and gravelly soil,2023-24,4,813.9711665005414,True
Karnataka,Tumakuru,Karnataka_Tumakuru,13.352856726103365,77.12803915423227,,8005.873033564764,,"Amphibolite, quartzites and Dharwar schists",Dharwar Supergroup / Closepet Granites boundary,25.795111008507934,801.2904404218717,46.918531007471834,Good,390.0,,,15.75287216714888,Red loamy and gravelly soil,2023-24,4,806.5319689734063,True
Maharashtra,Nagpur,Maharashtra_Nagpur,21.24555708022912,79.05159097115387,,311557.05233501084,,Gondite and braunite-bearing quartzites,Sausar Group / Mansar Formation (Gumgaon-Ramtek),28.073573612954398,1155.279574200399,56.671287213339596,Good,620.0,,,13.842150658568263,Deep black cotton soil,2022-23,3,324.7100994149114,True
Madhya Pradesh,Jhabua,Madhya_Pradesh_Jhabua,22.779126892095224,74.64255357941481,,30816.347205547725,,Manganese-bearing quartzites and phyllites,Aravalli Supergroup / Lunavada Group,26.462363189506878,801.0751989102456,45.10866000926478,Moderate,450.0,,,20.4932677938391,Shallow black and skeletal soil,2022-23,3,319.1309931471909,True
Maharashtra,Bhandara,Maharashtra_Bhandara,21.123589488744063,79.62719111426989,,793364.5646527949,,"Gondite, quartzite and manganese oxide lenses",Sausar Group / Dongri Buzurg Formation,27.45613468801231,1370.638167567242,64.67082665548281,Good,640.0,,,10.580395964858603,Red and yellow loamy soil,2023-24,4,234.68767921479116,True
Odisha,Rayagada,Odisha_Raygada,19.17643595665602,83.38382432913828,,75.62991849632469,,Khondalite and calc-granulite suites,Eastern Ghats Mobile Belt,27.000821656588524,1447.8232184644085,70.73693878753026,Moderate,190.0,,,23.8448697104676,Red sandy loam and laterite,2022-23,3,238.6306497415331,True
Maharashtra,Bhandara,Maharashtra_Bhandara,21.190714732942293,79.61856395784413,,683004.2050799744,,"Gondite, quartzite and manganese oxide lenses",Sausar Group / Dongri Buzurg Formation,26.88857338579598,1325.828832075111,63.062721139369415,Good,640.0,,,9.660394974393432,Red and yellow loamy soil,2023-24,4,289.89296843495237,True
Odisha,Sundargarh,Odisha_Sundargarh,22.14258969680749,83.96405810330165,,78825.48527312443,,Gonditic metasediments and quartzites,Gangpur Group / Sausar-equivalent belt,26.535259717638553,1414.8675877959652,72.12917931388644,Good,310.0,,,17.51013871561344,Red and yellow soil,2023-24,4,222.8373268146235,True
Madhya Pradesh,Jhabua,Madhya_Pradesh_Jhabua,22.748412248239465,74.56144856656196,,32005.944254850292,,Manganese-bearing quartzites and phyllites,Aravalli Supergroup / Lunavada Group,25.71501033243635,774.948918059014,41.3556080678251,Moderate,450.0,,,20.116980234023888,Shallow black and skeletal soil,2022-23,3,323.946127533106,True
Madhya Pradesh,Balaghat,Madhya_Pradesh_Balaghat,21.825038676032666,80.20426054807677,,683004.663483657,,"Gonditic metasediments, quartzites and schists",Sausar Group / Mansar Formation (Bharveli Belt),25.399284476276485,1495.3602863562244,71.9961631999819,Good,680.0,,,16.75238373271268,Deep red lateritic and black loam,2022-23,3,304.1248504608654,True
Odisha,Sundargarh,Odisha_Sundargarh,22.09317304997453,84.01131020722703,,92891.5726389646,,Gonditic metasediments and quartzites,Gangpur Group / Sausar-equivalent belt,26.14756589046844,1462.7794767212,71.81196965182968,Good,310.0,,,16.182441601670035,Red and yellow soil,2023-24,4,214.84401908325816,True
Madhya Pradesh,Balaghat,Madhya_Pradesh_Balaghat,21.75663997491951,80.22464889156878,,881007.0109992548,,"Gonditic metasediments, quartzites and schists",Sausar Group / Mansar Formation (Bharveli Belt),25.282991712360705,1453.989846728738,70.87910238041125,Good,680.0,,,15.137199980426729,Deep red lateritic and black loam,2023-24,4,293.9435451565083,True
Madhya Pradesh,Jabalpur,Madhya_Pradesh_Jabalpur,23.203255080164485,79.96700041102953,,73096.45189030994,,"Dolomite, phyllite and banded iron formation",Mahakoshal Group / Archaean basement,25.60701305180321,1251.8016258902765,59.60176574770954,Good,760.0,,,14.142589222790114,Black clay and red sandy loam,2022-23,3,439.318859572942,True
Madhya Pradesh,Alirajpur,Madhya_Pradesh_Alirajpur,22.37713817155026,74.31330959258474,,528.5710432288612,,"Phyllite, quartzite and gondite metasediments",Aravalli / Sausar Supergroup transition,27.48060922729108,783.5076939375148,49.15184057709078,Moderate,420.0,,,18.357364972155676,Mixed red and black soil,2023-24,4,301.6822859396517,True
Rajasthan,Banswara,Rajasthan_Banswara,23.582042211205703,74.46692876486678,,5777.8340442521585,,"Dolomitic limestone, quartzite and phyllite",Aravalli Supergroup / Ghatol-Tambesra Belt,26.674440482291047,927.2221186612248,40.64750660527277,Moderate,490.0,,,13.727047571260268,Mixed red and black soil,2022-23,3,224.1522959399623,True
Odisha,Rayagada,Odisha_Rayagada,19.208955423441235,83.38649122322333,,105.9178816947072,,Khondalite and calc-granulite suites,Eastern Ghats Mobile Belt,26.80438651484307,1384.7296677364636,70.35636970563436,Moderate,190.0,,,23.253883517057275,Red sandy loam and laterite,2022-23,3,173.9070031656578,True
Madhya Pradesh,Chhindwara,Madhya_Pradesh_Chhindwara,22.108006397819533,78.93917794887679,,45235.412795350494,,"Gondite, dolomitic marble and calc-silicate",Sausar Group / Bichua Formation,23.93724638360721,1238.7131941947953,61.285320586872466,Good,720.0,,,18.598745060680177,Black cotton and gravelly loam,2022-23,3,670.5989536340404,True
Rajasthan,Banswara,Rajasthan_Banswara,23.592870804362807,74.38811295995902,,4852.295268596036,,"Dolomitic limestone, quartzite and phyllite",Aravalli Supergroup / Ghatol-Tambesra Belt,27.047863598483026,927.3146421080764,43.45205806607828,Moderate,490.0,,,16.600047281319608,Mixed red and black soil,2023-24,4,231.32292838711064,True
Odisha,Sundargarh,Odisha_Sundargarh,22.124251982613615,84.04517466828703,,77602.40747649921,,Gonditic metasediments and quartzites,Gangpur Group / Sausar-equivalent belt,25.64365883596846,1349.6662688589706,73.06244645718516,Good,310.0,,,14.871830458014188,Red and yellow soil,2023-24,4,262.2641522403004,True
Madhya Pradesh,Alirajpur,Madhya_Pradesh_Alirajpur,22.239902026636624,74.410496248691,,901.1702377890024,,"Phyllite, quartzite and gondite metasediments",Aravalli / Sausar Supergroup transition,26.54230440921158,849.1838577130342,46.05665349016588,Moderate,420.0,,,18.304435522813815,Mixed red and black soil,2022-23,3,277.7757817120435,True
Madhya Pradesh,Pradesh,Madhya_Pradesh_Madhya_Pradesh,22.950038826671122,78.66166495717465,,803825.7270895678,,"Dolomitic limestone, quartzite and metasediments",Vindhyan / Archaean basement belt,25.381343995853094,1163.6758594422658,56.93851233547894,Good,790.0,,,15.028053565399183,Black cotton and red loamy soil,2022-23,3,318.76998041621073,True
Rajasthan,Banswara,Rajasthan_Banswara,23.607909286067862,74.42707510676769,,5791.2807492455095,,"Dolomitic limestone, quartzite and phyllite",Aravalli Supergroup / Ghatol-Tambesra Belt,27.70488242436519,915.9735698093117,41.82053846017676,Moderate,490.0,,,14.389901133942887,Mixed red and black soil,2022-23,3,223.8893146230236,True
Karnataka,Chitradurga,Karnataka_Chitradurga,14.28044881444772,76.42362916440811,,2984.867992899631,,Banded iron formation and Dharwar schists,Dharwar Supergroup / Chitradurga Schist Belt,27.055101340835954,570.9244263850824,38.44396555535254,Good,360.0,,,16.210534670789247,Red sandy loam,2022-23,3,756.4110200919703,True
Madhya Pradesh,Jabalpur,Madhya_Pradesh_Jabalpur,23.274740986862323,80.01917790290472,,80784.99326304805,,"Dolomite, phyllite and banded iron formation",Mahakoshal Group / Archaean basement,25.33173835803082,1354.5722435910166,59.57989430062193,Good,760.0,,,12.514603797085877,Black clay and red sandy loam,2022-23,3,405.98818899929535,True
Odisha,Rayagada,Odisha_Raygada,19.148199144642287,83.33775269294367,,74.3736428141305,,Khondalite and calc-granulite suites,Eastern Ghats Mobile Belt,25.958258508541032,1433.6969170707714,67.46927978337149,Moderate,190.0,,,25.96612747137559,Red sandy loam and laterite,2022-23,3,230.90490807169542,True
Rajasthan,Banswara,Rajasthan_Banswara,23.55084656678896,74.47438989411934,,4723.454497012772,,"Dolomitic limestone, quartzite and phyllite",Aravalli Supergroup / Ghatol-Tambesra Belt,26.776364707860335,943.8161248005674,41.15769403468569,Moderate,490.0,,,17.35977193432961,Mixed red and black soil,2023-24,4,211.49930462034774,True
Rajasthan,Banswara,Rajasthan_Banswara,23.60614943455309,74.45097713132316,,4900.731952648813,,"Dolomitic limestone, quartzite and phyllite",Aravalli Supergroup / Ghatol-Tambesra Belt,26.18434510794831,954.041494501772,39.549216401061784,Moderate,490.0,,,15.378639323838035,Mixed red and black soil,2023-24,4,208.56706103444125,True
Madhya Pradesh,Pradesh,Madhya_Pradesh_Madhya_Pradesh,22.984318230194535,78.65290661678017,,775697.4632790056,,"Dolomitic limestone, quartzite and metasediments",Vindhyan / Archaean basement belt,24.924607811799422,1165.5397253334881,55.31810172265909,Good,790.0,,,14.735733360280165,Black cotton and red loamy soil,2022-23,3,322.57788773955065,True
Odisha,Kendujhar,Odisha_Kendujhar,21.62506465589736,85.54830595388914,,624728.5297743536,,"Banded iron formation, shale and chert",Iron Ore Group (Barbil / Joda / Jamda-Koira Belt),25.37038649150225,1569.374230687719,76.27822347952318,Good,240.0,,,23.091583619377474,Red lateritic and ferric soil,2023-24,4,578.9200211134032,True
Karnataka,Davangere,Karnataka_Davangere,14.449459440112765,75.94121213132253,,40543.23743822364,,Dharwar metabasalts and metasediments,Dharwar Supergroup / Shimoga Belt,26.027713518932114,677.167121542917,45.40170059455186,Good,330.0,,,11.11019601065159,Black and red loam,2022-23,3,609.8426564112355,True
Madhya Pradesh,Jhabua,Madhya_Pradesh_Jhabua,22.76686914094161,74.57665298571042,,32673.81894361658,,Manganese-bearing quartzites and phyllites,Aravalli Supergroup / Lunavada Group,26.173016327548215,871.3544026692992,42.19293110684745,Moderate,450.0,,,20.99585872437236,Shallow black and skeletal soil,2023-24,4,300.92509909558584,True
