State,District,Deposit_ID,Latitude,Longitude,Reserves_tonnes,Annual_Production_tonnes,Grade_pct,Host_Rock,Formation,Avg_Temperature_C,Annual_Precip_mm,Rainy_Days,Road_Accessibility,Distance_to_Port_km,Reserve_to_Production_ratio,Production_Gap_tonnes,Topo_Slope_deg,Soil_Type,Year,Year_Index,Synthetic
Telangana,Telangana,,18.1124,79.0193,,6055.0,,"Quartzite, dolomitic sediment and granite-derived weathered mantle",Peninsular gneiss / Cuddapah sediments,27.0,930.0,52.0,Good,510.0,,,15.0,Red and black mixed soil,2023-24,4,False
Karnataka,Karnataka,Karnataka_Ballari,15.3173,75.7139,,294072.0,,Serpentinized ultramafic rocks and Dharwar schists,Dharwar Supergroup / peninsular metamorphic belt,26.8,1160.0,62.0,Good,410.0,,,16.0,Red sandy loam and lateritic soil,2022-23,3,False
Karnataka,Karnataka,Karnataka_Chitradurga,15.3173,75.7139,,2999.0,,Serpentinized ultramafic rocks and Dharwar schists,Dharwar Supergroup / peninsular metamorphic belt,26.8,1160.0,62.0,Good,410.0,,,16.0,Red sandy loam and lateritic soil,2022-23,3,False
Karnataka,Karnataka,Karnataka_Davangere,15.3173,75.7139,,37760.0,,Serpentinized ultramafic rocks and Dharwar schists,Dharwar Supergroup / peninsular metamorphic belt,26.8,1160.0,62.0,Good,410.0,,,16.0,Red sandy loam and lateritic soil,2022-23,3,False
Karnataka,Karnataka,Karnataka_Tumakuru,15.3173,75.7139,,9900.0,,Serpentinized ultramafic rocks and Dharwar schists,Dharwar Supergroup / peninsular metamorphic belt,26.8,1160.0,62.0,Good,410.0,,,16.0,Red sandy loam and lateritic soil,2022-23,3,False
Madhya Pradesh,Madhya Pradesh,Madhya_Pradesh_Madhya_Pradesh,22.9734,78.6569,,855874.0,,"Dolomitic limestone, quartzite and metasediments",Vindhyan / Archaean basement belt,25.4,1165.0,57.0,Good,790.0,,,14.0,Black cotton and red loamy soil,2022-23,3,False
Madhya Pradesh,Madhya Pradesh,Madhya_Pradesh_Alirajpur,22.9734,78.6569,,766.0,,"Dolomitic limestone, quartzite and metasediments",Vindhyan / Archaean basement belt,25.4,1165.0,57.0,Good,790.0,,,14.0,Black cotton and red loamy soil,2022-23,3,False
Madhya Pradesh,Madhya Pradesh,Madhya_Pradesh_Balaghat,22.9734,78.6569,,705056.0,,"Dolomitic limestone, quartzite and metasediments",Vindhyan / Archaean basement belt,25.4,1165.0,57.0,Good,790.0,,,14.0,Black cotton and red loamy soil,2022-23,3,False
Madhya Pradesh,Madhya Pradesh,Madhya_Pradesh_Chhindwara,22.9734,78.6569,,45716.0,,"Dolomitic limestone, quartzite and metasediments",Vindhyan / Archaean basement belt,25.4,1165.0,57.0,Good,790.0,,,14.0,Black cotton and red loamy soil,2022-23,3,False
Madhya Pradesh,Madhya Pradesh,Madhya_Pradesh_Jabalpur,22.9734,78.6569,,73103.0,,"Dolomitic limestone, quartzite and metasediments",Vindhyan / Archaean basement belt,25.4,1165.0,57.0,Good,790.0,,,14.0,Black cotton and red loamy soil,2022-23,3,False
Madhya Pradesh,Madhya Pradesh,Madhya_Pradesh_Jhabua,22.9734,78.6569,,31233.0,,"Dolomitic limestone, quartzite and metasediments",Vindhyan / Archaean basement belt,25.4,1165.0,57.0,Good,790.0,,,14.0,Black cotton and red loamy soil,2022-23,3,False
Maharashtra,Maharashtra,Maharashtra_Bhandara,19.7515,75.7139,,462821.0,,"Basaltic laterite, quartzite and metasediments",Deccan Traps / Precambrian gneissic suite,27.1,1225.0,68.0,Good,620.0,,,12.0,Deep black and red lateritic soil,2022-23,3,False
Maharashtra,Maharashtra,Maharashtra_Nagpur,19.7515,75.7139,,288283.0,,"Basaltic laterite, quartzite and metasediments",Deccan Traps / Precambrian gneissic suite,27.1,1225.0,68.0,Good,620.0,,,12.0,Deep black and red lateritic soil,2022-23,3,False
Odisha,Odisha,Odisha_Kendujhar,20.9517,85.0985,,534473.0,,"Khondalite, quartzite and iron formation host rocks",Eastern Ghats / Iron Ore Group,26.6,1450.0,70.0,Moderate,280.0,,,20.0,Red lateritic and alluvial soil,2022-23,3,False
Odisha,Odisha,Odisha_Raygada,20.9517,85.0985,,76.0,,"Khondalite, quartzite and iron formation host rocks",Eastern Ghats / Iron Ore Group,26.6,1450.0,70.0,Moderate,280.0,,,20.0,Red lateritic and alluvial soil,2022-23,3,False
Odisha,Odisha,Odisha_Sundargarh,20.9517,85.0985,,109669.0,,"Khondalite, quartzite and iron formation host rocks",Eastern Ghats / Iron Ore Group,26.6,1450.0,70.0,Moderate,280.0,,,20.0,Red lateritic and alluvial soil,2022-23,3,False
Rajasthan,Rajasthan,Rajasthan_Banswara,27.0238,74.2179,,6437.0,,"Dolomite, limestone and metamorphic carbonate rocks",Aravalli fold belt / Delhi Supergroup,28.8,540.0,28.0,Moderate,980.0,,,17.0,Sandy desert and brown loam soil,2022-23,3,False
Karnataka,Karnataka,Karnataka_Tumakuru,15.3173,75.7139,,8000.0,,Serpentinized ultramafic rocks and Dharwar schists,Dharwar Supergroup / peninsular metamorphic belt,26.8,1160.0,62.0,Good,410.0,,,16.0,Red sandy loam and lateritic soil,2023-24,4,False
Madhya Pradesh,Madhya Pradesh,Madhya_Pradesh_Madhya_Pradesh,22.9734,78.6569,,1033424.0,,"Dolomitic limestone, quartzite and metasediments",Vindhyan / Archaean basement belt,25.4,1165.0,57.0,Good,790.0,,,14.0,Black cotton and red loamy soil,2023-24,4,False
Madhya Pradesh,Madhya Pradesh,Madhya_Pradesh_Alirajpur,22.9734,78.6569,,560.0,,"Dolomitic limestone, quartzite and metasediments",Vindhyan / Archaean basement belt,25.4,1165.0,57.0,Good,790.0,,,14.0,Black cotton and red loamy soil,2023-24,4,False
Madhya Pradesh,Madhya Pradesh,Madhya_Pradesh_Balaghat,22.9734,78.6569,,910303.0,,"Dolomitic limestone, quartzite and metasediments",Vindhyan / Archaean basement belt,25.4,1165.0,57.0,Good,790.0,,,14.0,Black cotton and red loamy soil,2023-24,4,False
Madhya Pradesh,Madhya Pradesh,Madhya_Pradesh_Chhindwara,22.9734,78.6569,,41705.0,,"Dolomitic limestone, quartzite and metasediments",Vindhyan / Archaean basement belt,25.4,1165.0,57.0,Good,790.0,,,14.0,Black cotton and red loamy soil,2023-24,4,False
Madhya Pradesh,Madhya Pradesh,Madhya_Pradesh_Jabalpur,22.9734,78.6569,,47005.0,,"Dolomitic limestone, quartzite and metasediments",Vindhyan / Archaean basement belt,25.4,1165.0,57.0,Good,790.0,,,14.0,Black cotton and red loamy soil,2023-24,4,False
Madhya Pradesh,Madhya Pradesh,Madhya_Pradesh_Jhabua,22.9734,78.6569,,33849.0,,"Dolomitic limestone, quartzite and metasediments",Vindhyan / Archaean basement belt,25.4,1165.0,57.0,Good,790.0,,,14.0,Black cotton and red loamy soil,2023-24,4,False
Madhya Pradesh,Madhya Pradesh,Madhya_Pradesh_Katni,22.9734,78.6569,,2.0,,"Dolomitic limestone, quartzite and metasediments",Vindhyan / Archaean basement belt,25.4,1165.0,57.0,Good,790.0,,,14.0,Black cotton and red loamy soil,2022-23,3,False
Maharashtra,Maharashtra,Maharashtra_Bhandara,19.7515,75.7139,,745002.0,,"Basaltic laterite, quartzite and metasediments",Deccan Traps / Precambrian gneissic suite,27.1,1225.0,68.0,Good,620.0,,,12.0,Deep black and red lateritic soil,2023-24,4,False
Maharashtra,Maharashtra,Maharashtra_Nagpur,19.7515,75.7139,,287990.0,,"Basaltic laterite, quartzite and metasediments",Deccan Traps / Precambrian gneissic suite,27.1,1225.0,68.0,Good,620.0,,,12.0,Deep black and red lateritic soil,2023-24,4,False
Odisha,Odisha,Odisha_Kendujhar,20.9517,85.0985,,564839.0,,"Khondalite, quartzite and iron formation host rocks",Eastern Ghats / Iron Ore Group,26.6,1450.0,70.0,Moderate,280.0,,,20.0,Red lateritic and alluvial soil,2023-24,4,False
Odisha,Odisha,Odisha_Rayagada,20.9517,85.0985,,122.0,,"Khondalite, quartzite and iron formation host rocks",Eastern Ghats / Iron Ore Group,26.6,1450.0,70.0,Moderate,280.0,,,20.0,Red lateritic and alluvial soil,2022-23,3,False
Odisha,Odisha,Odisha_Sundargarh,20.9517,85.0985,,85895.0,,"Khondalite, quartzite and iron formation host rocks",Eastern Ghats / Iron Ore Group,26.6,1450.0,70.0,Moderate,280.0,,,20.0,Red lateritic and alluvial soil,2023-24,4,False
Rajasthan,Rajasthan,Rajasthan_Banswara,27.0238,74.2179,,4968.0,,"Dolomite, limestone and metamorphic carbonate rocks",Aravalli fold belt / Delhi Supergroup,28.8,540.0,28.0,Moderate,980.0,,,17.0,Sandy desert and brown loam soil,2023-24,4,False
Karnataka,Karnataka,Karnataka_Chitradurga,15.326075300054553,75.69746291076665,,3276.5203703070974,,Serpentinized ultramafic rocks and Dharwar schists,Dharwar Supergroup / peninsular metamorphic belt,26.90003914886089,1166.4956595110816,64.61200348341364,Good,410.0,,,15.881361673890117,Red sandy loam and lateritic soil,2022-23,3,True
Madhya Pradesh,Madhya Pradesh,Madhya_Pradesh_Jhabua,22.918673632030174,78.72293711728925,,38853.67684759401,,"Dolomitic limestone, quartzite and metasediments",Vindhyan / Archaean basement belt,25.464132053027665,1182.4825437782724,54.551061936559,Good,790.0,,,15.535755991995991,Black cotton and red loamy soil,2023-24,4,True
Madhya Pradesh,Madhya Pradesh,Madhya_Pradesh_Balaghat,22.93761091924177,78.68263307178755,,882015.0340713375,,"Dolomitic limestone, quartzite and metasediments",Vindhyan / Archaean basement belt,25.91150550228477,1157.6801040784019,54.785908635913025,Good,790.0,,,13.616812678864012,Black cotton and red loamy soil,2023-24,4,True
Odisha,Odisha,Odisha_Kendujhar,20.955323396276068,85.12425755173108,,453623.44909232226,,"Khondalite, quartzite and iron formation host rocks",Eastern Ghats / Iron Ore Group,26.71815109207963,1449.7400652639562,72.81496372262744,Moderate,280.0,,,19.83655710147549,Red lateritic and alluvial soil,2022-23,3,True
Odisha,Odisha,Odisha_Kendujhar,20.938335062371966,85.13513610169424,,480664.6325346843,,"Khondalite, quartzite and iron formation host rocks",Eastern Ghats / Iron Ore Group,26.173415428851733,1447.5275411020464,68.2436952661425,Moderate,280.0,,,19.15676972970713,Red lateritic and alluvial soil,2022-23,3,True
Maharashtra,Maharashtra,Maharashtra_Nagpur,19.773024617480157,75.7673959242977,,284452.2220678631,,"Basaltic laterite, quartzite and metasediments",Deccan Traps / Precambrian gneissic suite,26.985314416973313,1226.3133252449857,70.00551565060921,Good,620.0,,,11.515830566666422,Deep black and red lateritic soil,2023-24,4,True
Karnataka,Karnataka,Karnataka_Chitradurga,15.273924477110665,75.71751959126512,,3054.25947697358,,Serpentinized ultramafic rocks and Dharwar schists,Dharwar Supergroup / peninsular metamorphic belt,26.88487387694493,1131.7447299661694,62.353146716907425,Good,410.0,,,15.7761411831195,Red sandy loam and lateritic soil,2022-23,3,True
Madhya Pradesh,Madhya Pradesh,Madhya_Pradesh_Chhindwara,22.91486231992652,78.63327171944145,,42771.390207638055,,"Dolomitic limestone, quartzite and metasediments",Vindhyan / Archaean basement belt,25.101364827304412,1267.6500038804456,56.42523327690165,Good,790.0,,,15.87684461128167,Black cotton and red loamy soil,2023-24,4,True
Madhya Pradesh,Madhya Pradesh,Madhya_Pradesh_Alirajpur,22.966893363178205,78.61440342352562,,734.2334395249965,,"Dolomitic limestone, quartzite and metasediments",Vindhyan / Archaean basement belt,25.171048745976268,1214.1686813917177,52.70542194052269,Good,790.0,,,13.270916162256391,Black cotton and red loamy soil,2022-23,3,True
Karnataka,Karnataka,Karnataka_Chitradurga,15.402469884481132,75.66240309674903,,2747.0731985738535,,Serpentinized ultramafic rocks and Dharwar schists,Dharwar Supergroup / peninsular metamorphic belt,26.18479506302518,1124.399452406396,59.06590950921802,Good,410.0,,,15.905737445747443,Red sandy loam and lateritic soil,2022-23,3,True
Rajasthan,Rajasthan,Rajasthan_Banswara,27.03746222203762,74.28704790577622,,5948.350931635619,,"Dolomite, limestone and metamorphic carbonate rocks",Aravalli fold belt / Delhi Supergroup,28.389951679911132,574.7176656852728,27.263502086423937,Moderate,980.0,,,19.905067169240407,Sandy desert and brown loam soil,2022-23,3,True
Rajasthan,Rajasthan,Rajasthan_Banswara,27.01844708141936,74.1629041676652,,4874.236345552406,,"Dolomite, limestone and metamorphic carbonate rocks",Aravalli fold belt / Delhi Supergroup,28.952168126063317,535.3642487116941,27.247687857539802,Moderate,980.0,,,17.777337576061743,Sandy desert and brown loam soil,2023-24,4,True
Madhya Pradesh,Madhya Pradesh,Madhya_Pradesh_Jabalpur,23.013908632712795,78.66311717310673,,48346.531969364914,,"Dolomitic limestone, quartzite and metasediments",Vindhyan / Archaean basement belt,25.20563547341334,1154.1380500948849,57.94307704509028,Good,790.0,,,14.232169889626256,Black cotton and red loamy soil,2023-24,4,True
Madhya Pradesh,Madhya Pradesh,Madhya_Pradesh_Jhabua,22.96950853606346,78.74062673235721,,38389.26445502014,,"Dolomitic limestone, quartzite and metasediments",Vindhyan / Archaean basement belt,25.14745468826,1167.1674092974874,57.63298852334662,Good,790.0,,,14.000084393091415,Black cotton and red loamy soil,2023-24,4,True
Madhya Pradesh,Madhya Pradesh,Madhya_Pradesh_Jabalpur,22.983909969005886,78.67610573613565,,40881.88682630318,,"Dolomitic limestone, quartzite and metasediments",Vindhyan / Archaean basement belt,25.0106559848058,1180.7328931804914,59.38228590617773,Good,790.0,,,13.236942790305232,Black cotton and red loamy soil,2023-24,4,True
Madhya Pradesh,Madhya Pradesh,Madhya_Pradesh_Katni,22.983948688174262,78.65899867193424,,1.9537947080596745,,"Dolomitic limestone, quartzite and metasediments",Vindhyan / Archaean basement belt,25.01134926045493,1202.816304085535,56.0569503851001,Good,790.0,,,14.454420338214362,Black cotton and red loamy soil,2022-23,3,True
Odisha,Odisha,Odisha_Sundargarh,20.849033662362746,85.08902598941961,,111228.62104268932,,"Khondalite, quartzite and iron formation host rocks",Eastern Ghats / Iron Ore Group,26.653396879235867,1444.7479703956524,72.94298394598631,Moderate,280.0,,,19.748022621793115,Red lateritic and alluvial soil,2022-23,3,True
Karnataka,Karnataka,Karnataka_Davangere,15.386394008566567,75.65254554380336,,40461.72972760687,,Serpentinized ultramafic rocks and Dharwar schists,Dharwar Supergroup / peninsular metamorphic belt,26.185147376132498,1172.017355981296,62.65599096742822,Good,410.0,,,15.62808541867871,Red sandy loam and lateritic soil,2022-23,3,True
Maharashtra,Maharashtra,Maharashtra_Nagpur,19.803501783787958,75.7372062096795,,330798.91583592235,,"Basaltic laterite, quartzite and metasediments",Deccan Traps / Precambrian gneissic suite,26.73148552125362,1210.914481058606,67.33108765528824,Good,620.0,,,11.938675654171153,Deep black and red lateritic soil,2023-24,4,True
Odisha,Odisha,Odisha_Kendujhar,20.98481952707188,85.08663716185862,,537325.942665035,,"Khondalite, quartzite and iron formation host rocks",Eastern Ghats / Iron Ore Group,27.21037708415873,1509.753653365618,70.8779863174766,Moderate,280.0,,,20.439086678929577,Red lateritic and alluvial soil,2022-23,3,True
Odisha,Odisha,Odisha_Sundargarh,20.944073957699793,85.14534988373869,,116458.64804189726,,"Khondalite, quartzite and iron formation host rocks",Eastern Ghats / Iron Ore Group,26.1875937319098,1414.605740967511,71.56470068483532,Moderate,280.0,,,20.989583934594854,Red lateritic and alluvial soil,2022-23,3,True
Maharashtra,Maharashtra,Maharashtra_Bhandara,19.704619712296207,75.69316880630535,,522298.1769057819,,"Basaltic laterite, quartzite and metasediments",Deccan Traps / Precambrian gneissic suite,26.54978591052137,1303.0602040091067,67.8660936542036,Good,620.0,,,12.730774691138645,Deep black and red lateritic soil,2022-23,3,True
Madhya Pradesh,Madhya Pradesh,Madhya_Pradesh_Madhya_Pradesh,22.924737594024755,78.63005438890413,,877506.1174508904,,"Dolomitic limestone, quartzite and metasediments",Vindhyan / Archaean basement belt,25.045198921745857,1190.9954411393535,57.06556418575252,Good,790.0,,,13.301069571421253,Black cotton and red loamy soil,2022-23,3,True
Odisha,Odisha,Odisha_Rayagada,20.954581342929302,85.1150556114149,,138.83939303057898,,"Khondalite, quartzite and iron formation host rocks",Eastern Ghats / Iron Ore Group,25.798048671990667,1508.632085832415,70.60873345806051,Moderate,280.0,,,20.60876147222444,Red lateritic and alluvial soil,2022-23,3,True
Madhya Pradesh,Madhya Pradesh,Madhya_Pradesh_Katni,23.03243796192214,78.67163426450801,,2.1401456756004684,,"Dolomitic limestone, quartzite and metasediments",Vindhyan / Archaean basement belt,25.606817212977674,1080.8714592632866,53.83681120109212,Good,790.0,,,13.408896574808894,Black cotton and red loamy soil,2022-23,3,True
Madhya Pradesh,Madhya Pradesh,Madhya_Pradesh_Alirajpur,22.98277603570795,78.66771372957126,,522.6275989543785,,"Dolomitic limestone, quartzite and metasediments",Vindhyan / Archaean basement belt,25.773965044596164,1141.719772201449,57.465756040274336,Good,790.0,,,14.81376368996621,Black cotton and red loamy soil,2023-24,4,True
Maharashtra,Maharashtra,Maharashtra_Nagpur,19.709158556720865,75.70889963878722,,324556.3199862053,,"Basaltic laterite, quartzite and metasediments",Deccan Traps / Precambrian gneissic suite,27.234187852523725,1218.6747078346948,69.99964849382059,Good,620.0,,,11.847477467547641,Deep black and red lateritic soil,2022-23,3,True
Maharashtra,Maharashtra,Maharashtra_Bhandara,19.751957042222426,75.76705842361747,,797857.8282941541,,"Basaltic laterite, quartzite and metasediments",Deccan Traps / Precambrian gneissic suite,27.170807167140918,1193.1186546896613,69.68877038097064,Good,620.0,,,11.17774998270968,Deep black and red lateritic soil,2023-24,4,True
Rajasthan,Rajasthan,Rajasthan_Banswara,26.94365910831734,74.28207017446069,,6205.566045528259,,"Dolomite, limestone and metamorphic carbonate rocks",Aravalli fold belt / Delhi Supergroup,29.61467858512113,555.9103992642222,27.589676622267913,Moderate,980.0,,,17.554116501324092,Sandy desert and brown loam soil,2022-23,3,True
Odisha,Odisha,Odisha_Kendujhar,20.887648882515244,85.06673454839898,,553605.3914633384,,"Khondalite, quartzite and iron formation host rocks",Eastern Ghats / Iron Ore Group,26.039209160629376,1455.474932550409,67.49670557178771,Moderate,280.0,,,21.309550684860525,Red lateritic and alluvial soil,2022-23,3,True
Odisha,Odisha,Odisha_Kendujhar,20.953874143415614,85.07962895865447,,554480.7423478952,,"Khondalite, quartzite and iron formation host rocks",Eastern Ghats / Iron Ore Group,26.105531940637672,1476.6025330227483,65.37979312673471,Moderate,280.0,,,20.276274179328553,Red lateritic and alluvial soil,2022-23,3,True
Madhya Pradesh,Madhya Pradesh,Madhya_Pradesh_Balaghat,22.994602588224062,78.6287130694852,,694997.5491635976,,"Dolomitic limestone, quartzite and metasediments",Vindhyan / Archaean basement belt,25.66604657988155,1193.6221591091723,57.458422748230134,Good,790.0,,,14.138241432058681,Black cotton and red loamy soil,2022-23,3,True
Karnataka,Karnataka,Karnataka_Chitradurga,15.306666448323384,75.70919831330687,,3204.7703147140614,,Serpentinized ultramafic rocks and Dharwar schists,Dharwar Supergroup / peninsular metamorphic belt,26.6621905897214,1167.9891095242724,63.042334511464226,Good,410.0,,,16.82052847541742,Red sandy loam and lateritic soil,2022-23,3,True
Karnataka,Karnataka,Karnataka_Tumakuru,15.290169422393792,75.7438773559891,,7819.7361718204875,,Serpentinized ultramafic rocks and Dharwar schists,Dharwar Supergroup / peninsular metamorphic belt,26.281235110895015,1079.0817489352012,57.33276776030339,Good,410.0,,,14.703527671925238,Red sandy loam and lateritic soil,2023-24,4,True
Odisha,Odisha,Odisha_Kendujhar,21.005843435582776,85.10218506633737,,528239.0232820321,,"Khondalite, quartzite and iron formation host rocks",Eastern Ghats / Iron Ore Group,27.064690146293692,1460.0378466585491,69.86172413054773,Moderate,280.0,,,21.08921749671079,Red lateritic and alluvial soil,2023-24,4,True
Karnataka,Karnataka,Karnataka_Ballari,15.349443400775144,75.78273079324663,,263288.4275828784,,Serpentinized ultramafic rocks and Dharwar schists,Dharwar Supergroup / peninsular metamorphic belt,26.48915315119322,1135.8673457007314,61.28396662385114,Good,410.0,,,14.519463487434983,Red sandy loam and lateritic soil,2022-23,3,True
Maharashtra,Maharashtra,Maharashtra_Nagpur,19.678263766966097,75.75103187966273,,274383.20845060656,,"Basaltic laterite, quartzite and metasediments",Deccan Traps / Precambrian gneissic suite,27.266143980962124,1241.842477701644,67.73782669862454,Good,620.0,,,10.959456060842466,Deep black and red lateritic soil,2023-24,4,True
Maharashtra,Maharashtra,Maharashtra_Bhandara,19.743930226362544,75.72704648009129,,766887.911054255,,"Basaltic laterite, quartzite and metasediments",Deccan Traps / Precambrian gneissic suite,26.87100085315936,1202.109027279734,68.85578088138983,Good,620.0,,,10.93024758871031,Deep black and red lateritic soil,2023-24,4,True
Madhya Pradesh,Madhya Pradesh,Madhya_Pradesh_Chhindwara,22.960140473116113,78.70148369778309,,47139.84055308344,,"Dolomitic limestone, quartzite and metasediments",Vindhyan / Archaean basement belt,24.883099764103992,1218.8499790041608,59.13444483314397,Good,790.0,,,13.657213849135621,Black cotton and red loamy soil,2022-23,3,True
Madhya Pradesh,Madhya Pradesh,Madhya_Pradesh_Alirajpur,22.97617524540531,78.66330762373268,,610.352095463746,,"Dolomitic limestone, quartzite and metasediments",Vindhyan / Archaean basement belt,26.082854396044205,1159.6528672059585,61.153961058107505,Good,790.0,,,14.348775894046295,Black cotton and red loamy soil,2023-24,4,True
Madhya Pradesh,Madhya Pradesh,Madhya_Pradesh_Madhya_Pradesh,22.940065247762025,78.59331730026763,,725081.8131167265,,"Dolomitic limestone, quartzite and metasediments",Vindhyan / Archaean basement belt,25.39094800321615,1130.5181713889115,57.62781642291511,Good,790.0,,,14.333070372618256,Black cotton and red loamy soil,2022-23,3,True
Madhya Pradesh,Madhya Pradesh,Madhya_Pradesh_Jhabua,23.017639734796294,78.61841635534633,,34803.78457492974,,"Dolomitic limestone, quartzite and metasediments",Vindhyan / Archaean basement belt,25.297382944672933,1119.4386627928486,60.87446232485903,Good,790.0,,,13.541324715060666,Black cotton and red loamy soil,2023-24,4,True
Madhya Pradesh,Madhya Pradesh,Madhya_Pradesh_Chhindwara,22.95982966064464,78.69945406130937,,38063.886342648424,,"Dolomitic limestone, quartzite and metasediments",Vindhyan / Archaean basement belt,25.464863977295384,1148.4013849128155,58.23834223395079,Good,790.0,,,13.715636161959905,Black cotton and red loamy soil,2023-24,4,True
Madhya Pradesh,Madhya Pradesh,Madhya_Pradesh_Jhabua,22.97706080712693,78.68013108381318,,31091.441009460643,,"Dolomitic limestone, quartzite and metasediments",Vindhyan / Archaean basement belt,25.478077909918845,1165.2584752678215,59.86642901321235,Good,790.0,,,16.597673726595833,Black cotton and red loamy soil,2022-23,3,True
Karnataka,Karnataka,Karnataka_Chitradurga,15.343923409452536,75.75731148017783,,3088.2401945471615,,Serpentinized ultramafic rocks and Dharwar schists,Dharwar Supergroup / peninsular metamorphic belt,26.950605475635143,1153.0814522047333,60.29692562162846,Good,410.0,,,15.22051760327458,Red sandy loam and lateritic soil,2022-23,3,True
Rajasthan,Rajasthan,Rajasthan_Banswara,26.950543756631397,74.20447570527526,,4236.563244489865,,"Dolomite, limestone and metamorphic carbonate rocks",Aravalli fold belt / Delhi Supergroup,28.691964430558755,534.5898989357975,29.871094250930298,Moderate,980.0,,,17.453965579308697,Sandy desert and brown loam soil,2023-24,4,True
Odisha,Odisha,Odisha_Kendujhar,20.891599861758362,84.97991884648634,,511732.26792082866,,"Khondalite, quartzite and iron formation host rocks",Eastern Ghats / Iron Ore Group,26.91331474369009,1374.1256628659692,68.56103953343042,Moderate,280.0,,,21.36386222981391,Red lateritic and alluvial soil,2022-23,3,True
Odisha,Odisha,Odisha_Kendujhar,20.88926166588022,85.08660706549209,,569352.0345025669,,"Khondalite, quartzite and iron formation host rocks",Eastern Ghats / Iron Ore Group,26.40414969988268,1572.8360618715558,70.93016041900061,Moderate,280.0,,,20.43488427146365,Red lateritic and alluvial soil,2023-24,4,True
Madhya Pradesh,Madhya Pradesh,Madhya_Pradesh_Chhindwara,22.94586510871077,78.69281261633641,,47509.7988575604,,"Dolomitic limestone, quartzite and metasediments",Vindhyan / Archaean basement belt,25.520625829182617,1161.4892459219968,58.336652036215995,Good,790.0,,,14.79080612169008,Black cotton and red loamy soil,2023-24,4,True
Madhya Pradesh,Madhya Pradesh,Madhya_Pradesh_Katni,23.029552855682663,78.6391985715243,,2.2468985130729715,,"Dolomitic limestone, quartzite and metasediments",Vindhyan / Archaean basement belt,25.86752451771208,1125.4421533362136,56.61731202660988,Good,790.0,,,13.112304344285441,Black cotton and red loamy soil,2022-23,3,True
Madhya Pradesh,Madhya Pradesh,Madhya_Pradesh_Jhabua,22.935755116163005,78.63895743167886,,35096.31618170788,,"Dolomitic limestone, quartzite and metasediments",Vindhyan / Archaean basement belt,25.947651307584465,1170.3613341802422,56.27645904511166,Good,790.0,,,14.258228823322694,Black cotton and red loamy soil,2023-24,4,True
Madhya Pradesh,Madhya Pradesh,Madhya_Pradesh_Alirajpur,22.877629587803984,78.62543736899583,,669.3216371690902,,"Dolomitic limestone, quartzite and metasediments",Vindhyan / Archaean basement belt,25.21143003883379,1101.1561738318394,59.29562532146713,Good,790.0,,,14.637470902651122,Black cotton and red loamy soil,2022-23,3,True
Maharashtra,Maharashtra,Maharashtra_Bhandara,19.745132605144796,75.72203552962479,,426945.97667840606,,"Basaltic laterite, quartzite and metasediments",Deccan Traps / Precambrian gneissic suite,27.037270681092586,1189.5754116296455,67.49324486210396,Good,620.0,,,12.247665901108943,Deep black and red lateritic soil,2022-23,3,True
Odisha,Odisha,Odisha_Raygada,20.963556720032344,85.17990293210924,,75.47230793093345,,"Khondalite, quartzite and iron formation host rocks",Eastern Ghats / Iron Ore Group,26.73476327817964,1485.872619275627,71.11306688550252,Moderate,280.0,,,20.662665970385483,Red lateritic and alluvial soil,2022-23,3,True
Odisha,Odisha,Odisha_Sundargarh,20.91614810747076,85.09567278473392,,112641.5157319694,,"Khondalite, quartzite and iron formation host rocks",Eastern Ghats / Iron Ore Group,26.238708065297757,1434.4155266695202,67.51105642479784,Moderate,280.0,,,19.246472419642622,Red lateritic and alluvial soil,2022-23,3,True
Karnataka,Karnataka,Karnataka_Ballari,15.310914067703118,75.68778335421341,,307261.40549621853,,Serpentinized ultramafic rocks and Dharwar schists,Dharwar Supergroup / peninsular metamorphic belt,27.115064597406988,1162.0763675772178,63.478825344601894,Good,410.0,,,15.234464722570287,Red sandy loam and lateritic soil,2022-23,3,True
Rajasthan,Rajasthan,Rajasthan_Banswara,26.98781220854049,74.2254937357135,,5729.778044286898,,"Dolomite, limestone and metamorphic carbonate rocks",Aravalli fold belt / Delhi Supergroup,28.77620691040546,543.5527008034874,28.52407162414876,Moderate,980.0,,,15.551872740584953,Sandy desert and brown loam soil,2022-23,3,True
Karnataka,Karnataka,Karnataka_Tumakuru,15.220903121368005,75.66764609358938,,9670.039976473496,,Serpentinized ultramafic rocks and Dharwar schists,Dharwar Supergroup / peninsular metamorphic belt,26.711618932993964,1214.2491556604941,62.726908675678146,Good,410.0,,,17.24794998505943,Red sandy loam and lateritic soil,2022-23,3,True
Madhya Pradesh,Madhya Pradesh,Madhya_Pradesh_Jhabua,22.939901463836595,78.66631793473239,,38505.40991536772,,"Dolomitic limestone, quartzite and metasediments",Vindhyan / Archaean basement belt,26.099053785761797,1121.2837760513198,54.646770561141395,Good,790.0,,,14.714396482630658,Black cotton and red loamy soil,2023-24,4,True
Madhya Pradesh,Madhya Pradesh,Madhya_Pradesh_Chhindwara,22.922157231726167,78.63995573574157,,40003.780120653384,,"Dolomitic limestone, quartzite and metasediments",Vindhyan / Archaean basement belt,26.03745459778459,1115.1576874061855,53.69648170364147,Good,790.0,,,14.249036122306942,Black cotton and red loamy soil,2023-24,4,True
Odisha,Odisha,Odisha_Rayagada,20.928598444505774,85.14947788867765,,116.02596958913192,,"Khondalite, quartzite and iron formation host rocks",Eastern Ghats / Iron Ore Group,25.978763279125257,1491.2395153534974,71.03082080580162,Moderate,280.0,,,20.241659719820838,Red lateritic and alluvial soil,2022-23,3,True
Madhya Pradesh,Madhya Pradesh,Madhya_Pradesh_Jhabua,22.90597610730461,78.67842137759712,,31160.922090638607,,"Dolomitic limestone, quartzite and metasediments",Vindhyan / Archaean basement belt,25.667024268817926,1139.0420118315064,57.89619872787241,Good,790.0,,,14.54113161080453,Black cotton and red loamy soil,2023-24,4,True
Maharashtra,Maharashtra,Maharashtra_Bhandara,19.70019461398958,75.7424528054593,,471855.0929542401,,"Basaltic laterite, quartzite and metasediments",Deccan Traps / Precambrian gneissic suite,27.256212751640074,1235.0874632843468,66.38680219138526,Good,620.0,,,10.57626556460094,Deep black and red lateritic soil,2022-23,3,True
Odisha,Odisha,Odisha_Sundargarh,20.962456537907144,85.07371336263486,,89194.24535526343,,"Khondalite, quartzite and iron formation host rocks",Eastern Ghats / Iron Ore Group,26.445771652450592,1418.8406773293104,70.06421534794187,Moderate,280.0,,,21.451178849021066,Red lateritic and alluvial soil,2023-24,4,True
Maharashtra,Maharashtra,Maharashtra_Nagpur,19.65498878676282,75.77833747980047,,353501.9044592361,,"Basaltic laterite, quartzite and metasediments",Deccan Traps / Precambrian gneissic suite,27.57692492393117,1202.1282306153125,65.91882789497514,Good,620.0,,,11.58836167778379,Deep black and red lateritic soil,2022-23,3,True
Madhya Pradesh,Madhya Pradesh,Madhya_Pradesh_Jhabua,22.96580304635911,78.61236447832312,,32715.210398599647,,"Dolomitic limestone, quartzite and metasediments",Vindhyan / Archaean basement belt,25.291330608331418,1148.4751457013035,56.42755410031866,Good,790.0,,,12.063161959379816,Black cotton and red loamy soil,2022-23,3,True
Odisha,Odisha,Odisha_Rayagada,20.95857841329748,85.08500699351725,,120.62189128309075,,"Khondalite, quartzite and iron formation host rocks",Eastern Ghats / Iron Ore Group,26.844718856093213,1476.6187492957688,74.10536996389177,Moderate,280.0,,,18.505594380180693,Red lateritic and alluvial soil,2022-23,3,True
Maharashtra,Maharashtra,Maharashtra_Bhandara,19.825413000518243,75.7069330906478,,528885.1915785403,,"Basaltic laterite, quartzite and metasediments",Deccan Traps / Precambrian gneissic suite,27.15753674604206,1251.3791338837773,67.21907210107437,Good,620.0,,,10.269328394492781,Deep black and red lateritic soil,2022-23,3,True
Karnataka,Karnataka,Karnataka_Chitradurga,15.324395844585476,75.76240075347326,,2922.313401584739,,Serpentinized ultramafic rocks and Dharwar schists,Dharwar Supergroup / peninsular metamorphic belt,26.91179009232693,1115.1881276700506,60.26190550427044,Good,410.0,,,16.58725916680279,Red sandy loam and lateritic soil,2022-23,3,True
Odisha,Odisha,Odisha_Raygada,20.948436489212593,85.03027391135939,,66.7851448375618,,"Khondalite, quartzite and iron formation host rocks",Eastern Ghats / Iron Ore Group,26.284151916822623,1364.1328955546346,69.31531812267224,Moderate,280.0,,,19.982437173522555,Red lateritic and alluvial soil,2022-23,3,True
Madhya Pradesh,Madhya Pradesh,Madhya_Pradesh_Katni,22.98429479021097,78.62834500703853,,1.8000253779705992,,"Dolomitic limestone, quartzite and metasediments",Vindhyan / Archaean basement belt,24.5023394803628,1184.6562752185532,58.56968807321627,Good,790.0,,,13.47728130383032,Black cotton and red loamy soil,2022-23,3,True
Madhya Pradesh,Madhya Pradesh,Madhya_Pradesh_Madhya_Pradesh,22.988908125650482,78.65022288279565,,913666.1465958832,,"Dolomitic limestone, quartzite and metasediments",Vindhyan / Archaean basement belt,26.233910798939423,1199.080066972217,57.840377197449875,Good,790.0,,,14.34935062256043,Black cotton and red loamy soil,2022-23,3,True
Odisha,Odisha,Odisha_Raygada,20.93253587316352,85.13013206884716,,85.67861793881778,,"Khondalite, quartzite and iron formation host rocks",Eastern Ghats / Iron Ore Group,26.417536978476953,1481.723073963344,69.12918505411207,Moderate,280.0,,,21.251725008565195,Red lateritic and alluvial soil,2022-23,3,True
Karnataka,Karnataka,Karnataka_Tumakuru,15.355382146125596,75.62382890837523,,9266.431494241579,,Serpentinized ultramafic rocks and Dharwar schists,Dharwar Supergroup / peninsular metamorphic belt,26.90992702835443,1141.3710759781384,61.5084769999742,Good,410.0,,,15.575226272206908,Red sandy loam and lateritic soil,2022-23,3,True
Madhya Pradesh,Madhya Pradesh,Madhya_Pradesh_Chhindwara,22.965355813819247,78.7014186356664,,40895.34218672005,,"Dolomitic limestone, quartzite and metasediments",Vindhyan / Archaean basement belt,25.062726544470916,1133.0969739827221,55.16968776830815,Good,790.0,,,11.679643987613854,Black cotton and red loamy soil,2023-24,4,True
Odisha,Odisha,Odisha_Raygada,20.91527700464314,85.12084195837097,,74.66492604574552,,"Khondalite, quartzite and iron formation host rocks",Eastern Ghats / Iron Ore Group,26.967210767504472,1397.686203696239,68.04808236777019,Moderate,280.0,,,19.94304545878647,Red lateritic and alluvial soil,2022-23,3,True
Madhya Pradesh,Madhya Pradesh,Madhya_Pradesh_Jhabua,22.972916613968472,78.64847239942547,,28338.00833393385,,"Dolomitic limestone, quartzite and metasediments",Vindhyan / Archaean basement belt,25.645582276831348,1191.4011882636787,54.92984377191872,Good,790.0,,,13.986353208204703,Black cotton and red loamy soil,2022-23,3,True
Madhya Pradesh,Madhya Pradesh,Madhya_Pradesh_Balaghat,22.96955284252307,78.70202075429397,,587465.9016868708,,"Dolomitic limestone, quartzite and metasediments",Vindhyan / Archaean basement belt,25.277166666223707,1101.2491866756543,54.95543943670534,Good,790.0,,,14.685749035274661,Black cotton and red loamy soil,2022-23,3,True
Karnataka,Karnataka,Karnataka_Tumakuru,15.347992689618449,75.66829356323494,,7314.6462345709815,,Serpentinized ultramafic rocks and Dharwar schists,Dharwar Supergroup / peninsular metamorphic belt,27.311412603352117,1099.236469189925,62.565173965838596,Good,410.0,,,15.077113558104733,Red sandy loam and lateritic soil,2023-24,4,True
Madhya Pradesh,Madhya Pradesh,Madhya_Pradesh_Balaghat,22.984525749058186,78.6632247633962,,968742.5615610034,,"Dolomitic limestone, quartzite and metasediments",Vindhyan / Archaean basement belt,25.592058586602445,1183.2596042993684,56.624658018143094,Good,790.0,,,14.058274330935447,Black cotton and red loamy soil,2023-24,4,True
Odisha,Odisha,Odisha_Sundargarh,20.999209003730478,85.05767507921946,,74020.25615381455,,"Khondalite, quartzite and iron formation host rocks",Eastern Ghats / Iron Ore Group,25.8134560056307,1490.9556703086819,72.00349079530301,Moderate,280.0,,,18.38012800560823,Red lateritic and alluvial soil,2023-24,4,True
Odisha,Odisha,Odisha_Kendujhar,20.93683133213657,85.0627747751366,,534962.8568425312,,"Khondalite, quartzite and iron formation host rocks",Eastern Ghats / Iron Ore Group,27.22915808285201,1455.0260171661155,71.0325951442029,Moderate,280.0,,,20.93083822635053,Red lateritic and alluvial soil,2022-23,3,True
Karnataka,Karnataka,Karnataka_Tumakuru,15.362741947342217,75.67706598408763,,10600.872436743972,,Serpentinized ultramafic rocks and Dharwar schists,Dharwar Supergroup / peninsular metamorphic belt,27.51706447780215,1147.8498530222585,65.57033680414426,Good,410.0,,,14.984932094271183,Red sandy loam and lateritic soil,2022-23,3,True
Maharashtra,Maharashtra,Maharashtra_Bhandara,19.781100569452175,75.73937625133489,,765592.631473195,,"Basaltic laterite, quartzite and metasediments",Deccan Traps / Precambrian gneissic suite,27.537382843465323,1252.4239823072226,69.27074228572255,Good,620.0,,,12.442545624204053,Deep black and red lateritic soil,2023-24,4,True
Madhya Pradesh,Madhya Pradesh,Madhya_Pradesh_Alirajpur,23.040672664772035,78.72605981363542,,624.3271012546605,,"Dolomitic limestone, quartzite and metasediments",Vindhyan / Archaean basement belt,25.205332814402805,1092.273256185904,54.44031808471996,Good,790.0,,,14.083621077410557,Black cotton and red loamy soil,2023-24,4,True
Madhya Pradesh,Madhya Pradesh,Madhya_Pradesh_Chhindwara,22.929661145181523,78.67277965217994,,41906.959038190704,,"Dolomitic limestone, quartzite and metasediments",Vindhyan / Archaean basement belt,25.404218613210638,1175.4063270722982,57.40559455379556,Good,790.0,,,15.350625120952657,Black cotton and red loamy soil,2023-24,4,True
Karnataka,Karnataka,Karnataka_Davangere,15.353068533140537,75.71435781756365,,38519.06548268005,,Serpentinized ultramafic rocks and Dharwar schists,Dharwar Supergroup / peninsular metamorphic belt,26.772094652650118,1107.1123240565207,65.59512233328928,Good,410.0,,,15.948802888183403,Red sandy loam and lateritic soil,2022-23,3,True
Madhya Pradesh,Madhya Pradesh,Madhya_Pradesh_Jabalpur,22.9435560697339,78.60688737844306,,76154.72688441553,,"Dolomitic limestone, quartzite and metasediments",Vindhyan / Archaean basement belt,25.0211504809141,1166.8027597171986,56.69789624478614,Good,790.0,,,13.797086015204453,Black cotton and red loamy soil,2022-23,3,True
Madhya Pradesh,Madhya Pradesh,Madhya_Pradesh_Jhabua,23.015768949555856,78.69793347371541,,33954.53803894261,,"Dolomitic limestone, quartzite and metasediments",Vindhyan / Archaean basement belt,25.357060376876703,1180.9538165087777,58.99140277179985,Good,790.0,,,12.213292488631922,Black cotton and red loamy soil,2023-24,4,True
Maharashtra,Maharashtra,Maharashtra_Bhandara,19.802993244464204,75.75789918601367,,737162.6872873149,,"Basaltic laterite, quartzite and metasediments",Deccan Traps / Precambrian gneissic suite,27.220611716662628,1188.7686815633226,68.75856006873033,Good,620.0,,,10.916301172641939,Deep black and red lateritic soil,2023-24,4,True
Odisha,Odisha,Odisha_Kendujhar,20.928584235676894,85.1086153925988,,513353.4505613042,,"Khondalite, quartzite and iron formation host rocks",Eastern Ghats / Iron Ore Group,26.676030918183685,1386.8565516478109,69.5958335092212,Moderate,280.0,,,19.680893402989103,Red lateritic and alluvial soil,2022-23,3,True
Madhya Pradesh,Madhya Pradesh,Madhya_Pradesh_Katni,22.984328160914085,78.61132283995633,,1.9244647760238187,,"Dolomitic limestone, quartzite and metasediments",Vindhyan / Archaean basement belt,25.259302596954775,1139.3906054360978,57.48820877795671,Good,790.0,,,14.31145283430344,Black cotton and red loamy soil,2022-23,3,True
Maharashtra,Maharashtra,Maharashtra_Nagpur,19.752664397863068,75.7151366911213,,285293.04751127877,,"Basaltic laterite, quartzite and metasediments",Deccan Traps / Precambrian gneissic suite,26.359170942860317,1286.6446862989185,64.27630969351497,Good,620.0,,,10.837920487265713,Deep black and red lateritic soil,2023-24,4,True
Maharashtra,Maharashtra,Maharashtra_Nagpur,19.70638876940433,75.6987077395284,,271431.9010833037,,"Basaltic laterite, quartzite and metasediments",Deccan Traps / Precambrian gneissic suite,27.23857685605079,1277.0583889153097,71.12287640360715,Good,620.0,,,9.327165566897062,Deep black and red lateritic soil,2022-23,3,True
Odisha,Odisha,Odisha_Kendujhar,20.938262430998392,85.17470240856258,,566448.8884142796,,"Khondalite, quartzite and iron formation host rocks",Eastern Ghats / Iron Ore Group,27.099619849289578,1404.6119381615654,73.67477335097504,Moderate,280.0,,,19.67373799497696,Red lateritic and alluvial soil,2023-24,4,True
Madhya Pradesh,Madhya Pradesh,Madhya_Pradesh_Chhindwara,23.1005541471747,78.69095142299379,,43201.15295379731,,"Dolomitic limestone, quartzite and metasediments",Vindhyan / Archaean basement belt,25.44587023911615,1236.5067516137365,57.73094894528567,Good,790.0,,,13.90670135034651,Black cotton and red loamy soil,2022-23,3,True
Madhya Pradesh,Madhya Pradesh,Madhya_Pradesh_Balaghat,22.974643423510848,78.66804303658047,,705845.2706096489,,"Dolomitic limestone, quartzite and metasediments",Vindhyan / Archaean basement belt,25.228587435984576,1204.5108881604983,58.81720271978422,Good,790.0,,,13.638167462915659,Black cotton and red loamy soil,2022-23,3,True
Madhya Pradesh,Madhya Pradesh,Madhya_Pradesh_Chhindwara,22.93411922320679,78.59920803457761,,41510.5713525505,,"Dolomitic limestone, quartzite and metasediments",Vindhyan / Archaean basement belt,24.722061573553102,1178.7241769873365,58.333145337219065,Good,790.0,,,14.424965897436149,Black cotton and red loamy soil,2023-24,4,True
Madhya Pradesh,Madhya Pradesh,Madhya_Pradesh_Alirajpur,22.9571222500491,78.63350503460268,,557.9167747712746,,"Dolomitic limestone, quartzite and metasediments",Vindhyan / Archaean basement belt,25.69086115018379,1168.4243254101468,54.315649667258185,Good,790.0,,,13.30649383542772,Black cotton and red loamy soil,2023-24,4,True
Karnataka,Karnataka,Karnataka_Tumakuru,15.241622149867522,75.63555634238412,,9890.247926335416,,Serpentinized ultramafic rocks and Dharwar schists,Dharwar Supergroup / peninsular metamorphic belt,27.05349893710968,1171.321889956678,62.1260047366694,Good,410.0,,,14.992107050376456,Red sandy loam and lateritic soil,2022-23,3,True
Maharashtra,Maharashtra,Maharashtra_Bhandara,19.78940598439393,75.66945580396329,,678326.7985043433,,"Basaltic laterite, quartzite and metasediments",Deccan Traps / Precambrian gneissic suite,27.090206140214423,1215.52602624991,68.45111967902037,Good,620.0,,,11.896579886425366,Deep black and red lateritic soil,2023-24,4,True
Madhya Pradesh,Madhya Pradesh,Madhya_Pradesh_Alirajpur,22.873332006233614,78.58874028549558,,716.6153547857076,,"Dolomitic limestone, quartzite and metasediments",Vindhyan / Archaean basement belt,25.835731582526254,1120.419719694642,56.13732112352098,Good,790.0,,,14.288916667168706,Black cotton and red loamy soil,2022-23,3,True
Madhya Pradesh,Madhya Pradesh,Madhya_Pradesh_Katni,23.015373584421738,78.62985930777273,,1.8666805448788852,,"Dolomitic limestone, quartzite and metasediments",Vindhyan / Archaean basement belt,25.41350339304332,1142.2586046123827,56.376507338355104,Good,790.0,,,13.591611372745273,Black cotton and red loamy soil,2022-23,3,True
Telangana,Telangana,,18.106502300403275,79.08283104428597,,5760.981049977695,,"Quartzite, dolomitic sediment and granite-derived weathered mantle",Peninsular gneiss / Cuddapah sediments,27.136392096862,945.587398778841,52.20510636745254,Good,510.0,,,13.46435793007388,Red and black mixed soil,2023-24,4,True
Madhya Pradesh,Madhya Pradesh,Madhya_Pradesh_Katni,22.93035019198725,78.62682976608745,,2.0645449616189517,,"Dolomitic limestone, quartzite and metasediments",Vindhyan / Archaean basement belt,24.95304424426042,1249.0086579031192,57.13983916198965,Good,790.0,,,13.774568550771901,Black cotton and red loamy soil,2022-23,3,True
Madhya Pradesh,Madhya Pradesh,Madhya_Pradesh_Katni,23.030852070262533,78.67807653628502,,2.2304904131991528,,"Dolomitic limestone, quartzite and metasediments",Vindhyan / Archaean basement belt,25.74559180076624,1187.653859664709,59.315015516042266,Good,790.0,,,13.377832299745743,Black cotton and red loamy soil,2022-23,3,True
Madhya Pradesh,Madhya Pradesh,Madhya_Pradesh_Katni,22.950542031232132,78.650253686322,,2.3250026317548973,,"Dolomitic limestone, quartzite and metasediments",Vindhyan / Archaean basement belt,25.0965481602868,1088.3104440993577,57.23845172225479,Good,790.0,,,13.682093451371538,Black cotton and red loamy soil,2022-23,3,True
Madhya Pradesh,Madhya Pradesh,Madhya_Pradesh_Balaghat,22.973640667217445,78.67483296263892,,999247.1185418566,,"Dolomitic limestone, quartzite and metasediments",Vindhyan / Archaean basement belt,25.318705734526517,1158.079675300959,57.15142657591367,Good,790.0,,,14.413792317190214,Black cotton and red loamy soil,2023-24,4,True
Odisha,Odisha,Odisha_Raygada,20.948184930303373,85.13611157859535,,81.45175089340265,,"Khondalite, quartzite and iron formation host rocks",Eastern Ghats / Iron Ore Group,26.806341410112463,1533.6052453783689,67.69827098162887,Moderate,280.0,,,20.309620081909166,Red lateritic and alluvial soil,2022-23,3,True
Madhya Pradesh,Madhya Pradesh,Madhya_Pradesh_Chhindwara,22.984974366278287,78.64267206737715,,42840.68890138476,,"Dolomitic limestone, quartzite and metasediments",Vindhyan / Archaean basement belt,25.571768348147835,1173.6283868547182,59.40061251651864,Good,790.0,,,14.886393959567952,Black cotton and red loamy soil,2023-24,4,True
Madhya Pradesh,Madhya Pradesh,Madhya_Pradesh_Chhindwara,22.991470744037642,78.67600117349066,,41656.35939966922,,"Dolomitic limestone, quartzite and metasediments",Vindhyan / Archaean basement belt,24.123055511174826,1045.505014324603,53.55307318518916,Good,790.0,,,14.382885736385049,Black cotton and red loamy soil,2022-23,3,True
Madhya Pradesh,Madhya Pradesh,Madhya_Pradesh_Katni,22.973323205872948,78.67322144707525,,2.276176661271803,,"Dolomitic limestone, quartzite and metasediments",Vindhyan / Archaean basement belt,25.230589453949563,1135.9640392423862,61.485840624805974,Good,790.0,,,15.370540988614131,Black cotton and red loamy soil,2022-23,3,True
Karnataka,Karnataka,Karnataka_Tumakuru,15.262710333911937,75.70366671714636,,7538.823792488123,,Serpentinized ultramafic rocks and Dharwar schists,Dharwar Supergroup / peninsular metamorphic belt,26.761595391907,1165.3197009174528,61.92877852761982,Good,410.0,,,14.997656019309199,Red sandy loam and lateritic soil,2023-24,4,True
Odisha,Odisha,Odisha_Raygada,20.960624880736244,85.1231725679876,,70.15845747420542,,"Khondalite, quartzite and iron formation host rocks",Eastern Ghats / Iron Ore Group,26.50102148779835,1496.9111561772622,69.78763613875485,Moderate,280.0,,,20.034611874185256,Red lateritic and alluvial soil,2022-23,3,True
Odisha,Odisha,Odisha_Sundargarh,20.969452508375323,85.11703479224131,,97028.96264315586,,"Khondalite, quartzite and iron formation host rocks",Eastern Ghats / Iron Ore Group,26.455682094728346,1397.1394276444705,67.16631581480625,Moderate,280.0,,,21.10467921540253,Red lateritic and alluvial soil,2022-23,3,True
Karnataka,Karnataka,Karnataka_Tumakuru,15.26112923607637,75.72714160619984,,7808.648963991393,,Serpentinized ultramafic rocks and Dharwar schists,Dharwar Supergroup / peninsular metamorphic belt,26.931035258097193,1169.3169576478224,63.263962967522794,Good,410.0,,,16.735583092428374,Red sandy loam and lateritic soil,2023-24,4,True
Karnataka,Karnataka,Karnataka_Ballari,15.369892314860236,75.70951063273479,,302488.193923548,,Serpentinized ultramafic rocks and Dharwar schists,Dharwar Supergroup / peninsular metamorphic belt,27.317746078735983,1140.3987195557793,65.58874010920071,Good,410.0,,,16.870555609419725,Red sandy loam and lateritic soil,2022-23,3,True
Karnataka,Karnataka,Karnataka_Tumakuru,15.314928694158962,75.68472852254504,,9577.119917568332,,Serpentinized ultramafic rocks and Dharwar schists,Dharwar Supergroup / peninsular metamorphic belt,26.84576746576904,1191.1330085944403,63.64750626375236,Good,410.0,,,16.12117794929946,Red sandy loam and lateritic soil,2022-23,3,True
Madhya Pradesh,Madhya Pradesh,Madhya_Pradesh_Balaghat,22.958406341484096,78.68714992654519,,726751.526990175,,"Dolomitic limestone, quartzite and metasediments",Vindhyan / Archaean basement belt,25.519073491903917,1190.8476956520933,58.34015848440438,Good,790.0,,,14.002993291199957,Black cotton and red loamy soil,2022-23,3,True
Karnataka,Karnataka,Karnataka_Davangere,15.275498251616547,75.67305819357286,,37917.93453046066,,Serpentinized ultramafic rocks and Dharwar schists,Dharwar Supergroup / peninsular metamorphic belt,26.62473933968508,1109.866588671394,58.68980931362963,Good,410.0,,,17.442304791186245,Red sandy loam and lateritic soil,2022-23,3,True
Odisha,Odisha,Odisha_Kendujhar,20.96434191482577,85.11489313829316,,561477.6605780838,,"Khondalite, quartzite and iron formation host rocks",Eastern Ghats / Iron Ore Group,26.81689568791887,1436.1020868435285,70.6797507223854,Moderate,280.0,,,19.66316803235941,Red lateritic and alluvial soil,2022-23,3,True
Madhya Pradesh,Madhya Pradesh,Madhya_Pradesh_Balaghat,22.973214681111028,78.69872129099159,,1001033.5172694664,,"Dolomitic limestone, quartzite and metasediments",Vindhyan / Archaean basement belt,24.636926477428684,1079.0482024890248,57.07211985359559,Good,790.0,,,13.635561747735538,Black cotton and red loamy soil,2023-24,4,True
Madhya Pradesh,Madhya Pradesh,Madhya_Pradesh_Balaghat,22.97334429394227,78.69634545267843,,870576.6458808449,,"Dolomitic limestone, quartzite and metasediments",Vindhyan / Archaean basement belt,25.569806389391008,1173.2681525924904,55.94416472535137,Good,790.0,,,13.4996389226031,Black cotton and red loamy soil,2023-24,4,True
Odisha,Odisha,Odisha_Raygada,20.97964265381486,85.1025770354949,,71.50357608643357,,"Khondalite, quartzite and iron formation host rocks",Eastern Ghats / Iron Ore Group,26.265822864004214,1490.8881909415568,71.9477882564348,Moderate,280.0,,,20.6774013686923,Red lateritic and alluvial soil,2022-23,3,True
Maharashtra,Maharashtra,Maharashtra_Nagpur,19.769000489944794,75.66422977884486,,283326.59283971373,,"Basaltic laterite, quartzite and metasediments",Deccan Traps / Precambrian gneissic suite,27.289908062152186,1188.1615419535724,66.0887496651972,Good,620.0,,,11.462337423096978,Deep black and red lateritic soil,2023-24,4,True
Karnataka,Karnataka,Karnataka_Tumakuru,15.32329369655949,75.73034687672063,,8076.102358297891,,Serpentinized ultramafic rocks and Dharwar schists,Dharwar Supergroup / peninsular metamorphic belt,26.317939520567872,1164.4516988357047,64.94402913298026,Good,410.0,,,18.44513014505892,Red sandy loam and lateritic soil,2023-24,4,True
Karnataka,Karnataka,Karnataka_Chitradurga,15.362589382887169,75.68812531519147,,2984.5791602212635,,Serpentinized ultramafic rocks and Dharwar schists,Dharwar Supergroup / peninsular metamorphic belt,27.30891756351011,1178.0559088187265,61.08705771155056,Good,410.0,,,15.846314895637983,Red sandy loam and lateritic soil,2022-23,3,True
Madhya Pradesh,Madhya Pradesh,Madhya_Pradesh_Jhabua,22.965524572051844,78.61231532147728,,33233.75394505599,,"Dolomitic limestone, quartzite and metasediments",Vindhyan / Archaean basement belt,25.905794084924285,1121.2907269303664,56.84528764035829,Good,790.0,,,14.45502372034752,Black cotton and red loamy soil,2023-24,4,True
Karnataka,Karnataka,Karnataka_Tumakuru,15.42966843444918,75.69043659659717,,8973.408154223334,,Serpentinized ultramafic rocks and Dharwar schists,Dharwar Supergroup / peninsular metamorphic belt,26.8793751161382,1095.3325530553059,64.6380263954828,Good,410.0,,,15.087122013281173,Red sandy loam and lateritic soil,2023-24,4,True
Madhya Pradesh,Madhya Pradesh,Madhya_Pradesh_Alirajpur,22.97781582902449,78.64056667348693,,500.740504067018,,"Dolomitic limestone, quartzite and metasediments",Vindhyan / Archaean basement belt,25.55140805810415,1174.9390073883771,57.12383296735992,Good,790.0,,,13.848752353253625,Black cotton and red loamy soil,2023-24,4,True
Karnataka,Karnataka,Karnataka_Tumakuru,15.317640225068926,75.74569729011662,,8116.269741027827,,Serpentinized ultramafic rocks and Dharwar schists,Dharwar Supergroup / peninsular metamorphic belt,26.703154968470002,1097.3288167776034,60.80782220068767,Good,410.0,,,16.65324488328123,Red sandy loam and lateritic soil,2023-24,4,True
Karnataka,Karnataka,Karnataka_Tumakuru,15.356246540453762,75.76357839987254,,8756.965904267501,,Serpentinized ultramafic rocks and Dharwar schists,Dharwar Supergroup / peninsular metamorphic belt,27.35271492604357,1133.3641695723768,62.989113310645706,Good,410.0,,,17.22629295564895,Red sandy loam and lateritic soil,2023-24,4,True
Karnataka,Karnataka,Karnataka_Chitradurga,15.345328926274384,75.65966744115494,,2814.292628060534,,Serpentinized ultramafic rocks and Dharwar schists,Dharwar Supergroup / peninsular metamorphic belt,26.98188120067128,1184.9324265907726,59.805324650905916,Good,410.0,,,16.59834704707488,Red sandy loam and lateritic soil,2022-23,3,True
Karnataka,Karnataka,Karnataka_Tumakuru,15.271210046348928,75.70428251211717,,8065.567262706262,,Serpentinized ultramafic rocks and Dharwar schists,Dharwar Supergroup / peninsular metamorphic belt,27.320589401390052,1212.9247417530082,61.45665123262542,Good,410.0,,,16.840220162694198,Red sandy loam and lateritic soil,2023-24,4,True
Madhya Pradesh,Madhya Pradesh,Madhya_Pradesh_Katni,22.933854914022618,78.67491269112175,,2.000497429878568,,"Dolomitic limestone, quartzite and metasediments",Vindhyan / Archaean basement belt,25.273555351248792,1168.2207649087638,57.70406894360585,Good,790.0,,,15.133680478756702,Black cotton and red loamy soil,2022-23,3,True
Madhya Pradesh,Madhya Pradesh,Madhya_Pradesh_Jabalpur,23.04425364969071,78.65296215990767,,71690.46232358649,,"Dolomitic limestone, quartzite and metasediments",Vindhyan / Archaean basement belt,25.33553848871967,1134.4263611314489,56.45968974132581,Good,790.0,,,13.764170637825147,Black cotton and red loamy soil,2022-23,3,True
Madhya Pradesh,Madhya Pradesh,Madhya_Pradesh_Madhya_Pradesh,23.028668303735113,78.65030248898414,,1145628.163353384,,"Dolomitic limestone, quartzite and metasediments",Vindhyan / Archaean basement belt,25.307924301440273,1079.4764372034465,55.62829464764671,Good,790.0,,,13.105792648020522,Black cotton and red loamy soil,2023-24,4,True
Telangana,Telangana,,18.181151800121995,78.92651557092995,,5159.092631643653,,"Quartzite, dolomitic sediment and granite-derived weathered mantle",Peninsular gneiss / Cuddapah sediments,26.968921243300624,932.0084858383394,52.00759250324292,Good,510.0,,,15.037227836421577,Red and black mixed soil,2023-24,4,True
Madhya Pradesh,Madhya Pradesh,Madhya_Pradesh_Jhabua,22.95803016348478,78.69766174772967,,33916.13501888755,,"Dolomitic limestone, quartzite and metasediments",Vindhyan / Archaean basement belt,25.641536548667403,1142.8522093636868,57.94617439605495,Good,790.0,,,14.01452788193757,Black cotton and red loamy soil,2022-23,3,True
Odisha,Odisha,Odisha_Kendujhar,20.97961267356,85.10292452490314,,534530.2920235993,,"Khondalite, quartzite and iron formation host rocks",Eastern Ghats / Iron Ore Group,26.695425842201246,1459.340934937032,68.87703394643424,Moderate,280.0,,,20.96265757248684,Red lateritic and alluvial soil,2022-23,3,True
Rajasthan,Rajasthan,Rajasthan_Banswara,27.00926957409725,74.20771567320936,,4403.639212450108,,"Dolomite, limestone and metamorphic carbonate rocks",Aravalli fold belt / Delhi Supergroup,28.30381054044415,567.838822514383,25.62585914725126,Moderate,980.0,,,14.549127871459913,Sandy desert and brown loam soil,2023-24,4,True
Madhya Pradesh,Madhya Pradesh,Madhya_Pradesh_Alirajpur,22.956930023292614,78.64235666838772,,698.7170375929816,,"Dolomitic limestone, quartzite and metasediments",Vindhyan / Archaean basement belt,26.26009843222656,1124.830181232526,60.60348389549429,Good,790.0,,,13.13915832147643,Black cotton and red loamy soil,2022-23,3,True
Madhya Pradesh,Madhya Pradesh,Madhya_Pradesh_Chhindwara,22.90939176603826,78.62642102166758,,46262.81532383675,,"Dolomitic limestone, quartzite and metasediments",Vindhyan / Archaean basement belt,25.05075180586459,1087.1959824007397,56.83029893667598,Good,790.0,,,13.883119813591476,Black cotton and red loamy soil,2022-23,3,True
Maharashtra,Maharashtra,Maharashtra_Nagpur,19.719491532135926,75.73921431658428,,288037.7484119758,,"Basaltic laterite, quartzite and metasediments",Deccan Traps / Precambrian gneissic suite,26.637828855545038,1240.7012365049861,69.70937146027113,Good,620.0,,,12.417471958742015,Deep black and red lateritic soil,2022-23,3,True
Rajasthan,Rajasthan,Rajasthan_Banswara,27.018160484102225,74.27917115562404,,5385.0048233560865,,"Dolomite, limestone and metamorphic carbonate rocks",Aravalli fold belt / Delhi Supergroup,28.92787730972232,513.9862762674268,29.225930760949197,Moderate,980.0,,,16.68380229541881,Sandy desert and brown loam soil,2023-24,4,True
Maharashtra,Maharashtra,Maharashtra_Nagpur,19.7023800047671,75.67683867555371,,324316.2954908474,,"Basaltic laterite, quartzite and metasediments",Deccan Traps / Precambrian gneissic suite,27.776827719815866,1213.9959547593605,71.92096920156605,Good,620.0,,,12.750121812136944,Deep black and red lateritic soil,2023-24,4,True
Karnataka,Karnataka,Karnataka_Ballari,15.313204131735557,75.68787745518377,,278630.8084643236,,Serpentinized ultramafic rocks and Dharwar schists,Dharwar Supergroup / peninsular metamorphic belt,26.629832054255335,1117.033789335992,62.840453418949174,Good,410.0,,,14.67745886670832,Red sandy loam and lateritic soil,2022-23,3,True
Madhya Pradesh,Madhya Pradesh,Madhya_Pradesh_Balaghat,23.00887036217619,78.63733690127523,,694644.8432932177,,"Dolomitic limestone, quartzite and metasediments",Vindhyan / Archaean basement belt,26.19857150704662,1135.9544561985717,57.59502214237111,Good,790.0,,,13.120490371341058,Black cotton and red loamy soil,2022-23,3,True
Maharashtra,Maharashtra,Maharashtra_Bhandara,19.661508648881934,75.66608564102808,,828306.5847511091,,"Basaltic laterite, quartzite and metasediments",Deccan Traps / Precambrian gneissic suite,26.61769675310325,1194.406373048746,64.37876264003921,Good,620.0,,,9.348291665080797,Deep black and red lateritic soil,2023-24,4,True
Karnataka,Karnataka,Karnataka_Ballari,15.281264120187817,75.7348580381677,,311725.120063573,,Serpentinized ultramafic rocks and Dharwar schists,Dharwar Supergroup / peninsular metamorphic belt,26.943843901915308,1158.1958915912032,63.56511765143032,Good,410.0,,,17.290563762321174,Red sandy loam and lateritic soil,2022-23,3,True
Maharashtra,Maharashtra,Maharashtra_Nagpur,19.70658926270916,75.66653486672406,,289989.930703202,,"Basaltic laterite, quartzite and metasediments",Deccan Traps / Precambrian gneissic suite,27.29816571550119,1200.2762473454804,66.90089475773983,Good,620.0,,,12.559540370616165,Deep black and red lateritic soil,2023-24,4,True
Madhya Pradesh,Madhya Pradesh,Madhya_Pradesh_Chhindwara,22.998127628586612,78.71897520480489,,50633.165822218434,,"Dolomitic limestone, quartzite and metasediments",Vindhyan / Archaean basement belt,25.409304869464133,1178.3338273998843,58.14107407227697,Good,790.0,,,13.207474169542085,Black cotton and red loamy soil,2022-23,3,True
Odisha,Odisha,Odisha_Rayagada,20.954419465042044,85.08201402486172,,105.57327862751562,,"Khondalite, quartzite and iron formation host rocks",Eastern Ghats / Iron Ore Group,26.4141582234055,1399.1844597876054,72.08974562490886,Moderate,280.0,,,21.68358620953802,Red lateritic and alluvial soil,2022-23,3,True
Madhya Pradesh,Madhya Pradesh,Madhya_Pradesh_Jabalpur,22.941523560428134,78.66897882970076,,68981.48145218419,,"Dolomitic limestone, quartzite and metasediments",Vindhyan / Archaean basement belt,25.73855473254497,1158.0044570959285,60.0335853142785,Good,790.0,,,12.440616764694392,Black cotton and red loamy soil,2022-23,3,True
Odisha,Odisha,Odisha_Kendujhar,20.932410700851882,85.13847345329899,,538654.4591711238,,"Khondalite, quartzite and iron formation host rocks",Eastern Ghats / Iron Ore Group,26.586511608354808,1418.104399945558,73.47929608386202,Moderate,280.0,,,20.774494703865372,Red lateritic and alluvial soil,2022-23,3,True
Madhya Pradesh,Madhya Pradesh,Madhya_Pradesh_Balaghat,22.93995771540617,78.68338326138327,,958910.2002660066,,"Dolomitic limestone, quartzite and metasediments",Vindhyan / Archaean basement belt,25.382654406856943,1197.4478483473213,56.76900224140213,Good,790.0,,,13.552842342670054,Black cotton and red loamy soil,2023-24,4,True
Karnataka,Karnataka,Karnataka_Davangere,15.332222092737366,75.68895597242967,,37830.61769031413,,Serpentinized ultramafic rocks and Dharwar schists,Dharwar Supergroup / peninsular metamorphic belt,27.30727068043271,1184.098320613166,61.250110620301726,Good,410.0,,,17.536965653917644,Red sandy loam and lateritic soil,2022-23,3,True
Karnataka,Karnataka,Karnataka_Tumakuru,15.365044742874254,75.62707538360817,,6809.46348799291,,Serpentinized ultramafic rocks and Dharwar schists,Dharwar Supergroup / peninsular metamorphic belt,26.927294352620038,1135.650172365774,61.563941743791155,Good,410.0,,,17.62007030913605,Red sandy loam and lateritic soil,2023-24,4,True
Odisha,Odisha,Odisha_Sundargarh,20.950770651565986,85.17864037641606,,117143.85483493778,,"Khondalite, quartzite and iron formation host rocks",Eastern Ghats / Iron Ore Group,26.68765620509127,1490.3888117524034,67.3472077933629,Moderate,280.0,,,20.06046844811737,Red lateritic and alluvial soil,2022-23,3,True
Madhya Pradesh,Madhya Pradesh,Madhya_Pradesh_Katni,22.983705616836847,78.69071932433927,,1.763142334446424,,"Dolomitic limestone, quartzite and metasediments",Vindhyan / Archaean basement belt,25.26189950184571,1171.9197843781983,52.741604221599964,Good,790.0,,,13.560946089895062,Black cotton and red loamy soil,2022-23,3,True
Rajasthan,Rajasthan,Rajasthan_Banswara,26.940423913800462,74.24247081753428,,5276.83111655146,,"Dolomite, limestone and metamorphic carbonate rocks",Aravalli fold belt / Delhi Supergroup,28.462127081816934,527.4992207354012,28.1069632536438,Moderate,980.0,,,15.842535367766578,Sandy desert and brown loam soil,2023-24,4,True
Madhya Pradesh,Madhya Pradesh,Madhya_Pradesh_Balaghat,22.86228022877086,78.64299906351225,,828301.6907616815,,"Dolomitic limestone, quartzite and metasediments",Vindhyan / Archaean basement belt,25.051253480899163,1154.7612919727949,59.46580386820539,Good,790.0,,,11.519291490015458,Black cotton and red loamy soil,2023-24,4,True
Maharashtra,Maharashtra,Maharashtra_Nagpur,19.8249490335892,75.70578232225299,,297087.34489469853,,"Basaltic laterite, quartzite and metasediments",Deccan Traps / Precambrian gneissic suite,27.241383907257465,1259.4959516804497,69.13092083833818,Good,620.0,,,11.32488604785654,Deep black and red lateritic soil,2022-23,3,True
Maharashtra,Maharashtra,Maharashtra_Nagpur,19.75061008820603,75.6513846261864,,293607.61670676543,,"Basaltic laterite, quartzite and metasediments",Deccan Traps / Precambrian gneissic suite,26.833821903175025,1161.3282463324113,66.8784916718245,Good,620.0,,,13.190413563293744,Deep black and red lateritic soil,2022-23,3,True
Maharashtra,Maharashtra,Maharashtra_Nagpur,19.781181156119178,75.63878044936136,,264531.76945479977,,"Basaltic laterite, quartzite and metasediments",Deccan Traps / Precambrian gneissic suite,26.543885852537446,1266.4801164516598,67.75238141134068,Good,620.0,,,12.292933823497291,Deep black and red lateritic soil,2022-23,3,True
Maharashtra,Maharashtra,Maharashtra_Bhandara,19.77024211114025,75.74021552041732,,925418.9418772745,,"Basaltic laterite, quartzite and metasediments",Deccan Traps / Precambrian gneissic suite,27.244190053744365,1262.581807024995,71.71898961524663,Good,620.0,,,12.270095434197287,Deep black and red lateritic soil,2023-24,4,True
Madhya Pradesh,Madhya Pradesh,Madhya_Pradesh_Jabalpur,22.952331384322154,78.61560411921779,,87940.19308126307,,"Dolomitic limestone, quartzite and metasediments",Vindhyan / Archaean basement belt,25.549728739386495,1156.2821191438602,57.87798205877779,Good,790.0,,,13.202117236381504,Black cotton and red loamy soil,2022-23,3,True
Madhya Pradesh,Madhya Pradesh,Madhya_Pradesh_Madhya_Pradesh,22.963284742147287,78.67939091487658,,771836.3823391193,,"Dolomitic limestone, quartzite and metasediments",Vindhyan / Archaean basement belt,25.72057560579786,1178.3270425050716,56.78170969687733,Good,790.0,,,13.267714618597925,Black cotton and red loamy soil,2022-23,3,True
Madhya Pradesh,Madhya Pradesh,Madhya_Pradesh_Jhabua,22.95311578878287,78.64048640106618,,30604.841454693153,,"Dolomitic limestone, quartzite and metasediments",Vindhyan / Archaean basement belt,25.56316218176906,1179.3783742397227,56.24757579243307,Good,790.0,,,15.912954807731753,Black cotton and red loamy soil,2022-23,3,True
Telangana,Telangana,,18.0972125389943,79.03437791142781,,5532.97333251485,,"Quartzite, dolomitic sediment and granite-derived weathered mantle",Peninsular gneiss / Cuddapah sediments,26.393376813876856,917.7023973587183,53.72400010082427,Good,510.0,,,15.916311441074567,Red and black mixed soil,2023-24,4,True
Karnataka,Karnataka,Karnataka_Davangere,15.350464842842642,75.73009420350543,,33209.256307507196,,Serpentinized ultramafic rocks and Dharwar schists,Dharwar Supergroup / peninsular metamorphic belt,27.135856684012527,1213.9424213140871,58.970490448412924,Good,410.0,,,17.245634960171873,Red sandy loam and lateritic soil,2022-23,3,True
Karnataka,Karnataka,Karnataka_Chitradurga,15.328949256673894,75.77284445569012,,3308.0590000236584,,Serpentinized ultramafic rocks and Dharwar schists,Dharwar Supergroup / peninsular metamorphic belt,26.994626345838103,1159.0135262189049,62.35452273389771,Good,410.0,,,16.36453448903326,Red sandy loam and lateritic soil,2022-23,3,True
Madhya Pradesh,Madhya Pradesh,Madhya_Pradesh_Jhabua,22.977167322329294,78.70685031089641,,31030.916937538772,,"Dolomitic limestone, quartzite and metasediments",Vindhyan / Archaean basement belt,25.342372140359615,1048.0958342595086,53.495802854546056,Good,790.0,,,13.682561445162317,Black cotton and red loamy soil,2023-24,4,True
Madhya Pradesh,Madhya Pradesh,Madhya_Pradesh_Jabalpur,22.95169768719553,78.67538849956041,,40469.82075301459,,"Dolomitic limestone, quartzite and metasediments",Vindhyan / Archaean basement belt,25.164830791712113,1178.7167482750797,59.95478726834007,Good,790.0,,,13.084176522703562,Black cotton and red loamy soil,2023-24,4,True
Madhya Pradesh,Madhya Pradesh,Madhya_Pradesh_Chhindwara,22.917007222842088,78.7042012296701,,40637.94530913352,,"Dolomitic limestone, quartzite and metasediments",Vindhyan / Archaean basement belt,25.336125055072408,1240.9359985658762,58.15109301999979,Good,790.0,,,14.602652446306498,Black cotton and red loamy soil,2023-24,4,True
Odisha,Odisha,Odisha_Raygada,20.961936274004167,85.12456992565612,,75.94654709420108,,"Khondalite, quartzite and iron formation host rocks",Eastern Ghats / Iron Ore Group,26.396772009039047,1439.6434721112919,71.38934122325682,Moderate,280.0,,,19.508344385034516,Red lateritic and alluvial soil,2022-23,3,True
Madhya Pradesh,Madhya Pradesh,Madhya_Pradesh_Jabalpur,23.023837492942523,78.71161629802883,,43907.32991319086,,"Dolomitic limestone, quartzite and metasediments",Vindhyan / Archaean basement belt,26.18040614449334,1185.9257222966721,53.864139167139,Good,790.0,,,13.581151256074962,Black cotton and red loamy soil,2023-24,4,True
Karnataka,Karnataka,Karnataka_Tumakuru,15.308610953671252,75.70552364691841,,10214.182593435427,,Serpentinized ultramafic rocks and Dharwar schists,Dharwar Supergroup / peninsular metamorphic belt,27.13989865238802,1250.5085085885726,62.05604437405175,Good,410.0,,,16.99549028294532,Red sandy loam and lateritic soil,2022-23,3,True
Odisha,Odisha,Odisha_Kendujhar,20.98854602985579,85.1246863811379,,599550.7635173269,,"Khondalite, quartzite and iron formation host rocks",Eastern Ghats / Iron Ore Group,26.28099473190195,1521.1102034579703,71.64885412476995,Moderate,280.0,,,20.18131421786142,Red lateritic and alluvial soil,2023-24,4,True
Odisha,Odisha,Odisha_Sundargarh,20.961177944461838,85.09516204867094,,105875.90726074493,,"Khondalite, quartzite and iron formation host rocks",Eastern Ghats / Iron Ore Group,26.29613229927573,1436.2503973944913,66.72907350308428,Moderate,280.0,,,19.07101083286942,Red lateritic and alluvial soil,2022-23,3,True
Odisha,Odisha,Odisha_Sundargarh,20.966123667106274,85.042872582801,,96372.61251084764,,"Khondalite, quartzite and iron formation host rocks",Eastern Ghats / Iron Ore Group,26.99229422799111,1300.0023446644877,68.67074799987374,Moderate,280.0,,,18.75268253030583,Red lateritic and alluvial soil,2023-24,4,True
Karnataka,Karnataka,Karnataka_Tumakuru,15.305037375148517,75.69017119260518,,9645.496825407728,,Serpentinized ultramafic rocks and Dharwar schists,Dharwar Supergroup / peninsular metamorphic belt,27.61402292715859,1154.1524770017802,65.03288020117881,Good,410.0,,,16.290040396483533,Red sandy loam and lateritic soil,2022-23,3,True
Odisha,Odisha,Odisha_Sundargarh,20.947131604328884,85.1904835637215,,110468.02842444644,,"Khondalite, quartzite and iron formation host rocks",Eastern Ghats / Iron Ore Group,26.461664549248788,1475.8773361101842,72.93436250141808,Moderate,280.0,,,19.89477586574913,Red lateritic and alluvial soil,2022-23,3,True
Madhya Pradesh,Madhya Pradesh,Madhya_Pradesh_Chhindwara,22.939249631096505,78.6752882382006,,45137.13431944836,,"Dolomitic limestone, quartzite and metasediments",Vindhyan / Archaean basement belt,25.737036200637306,1237.7963575245133,55.550777896964554,Good,790.0,,,14.357319422710626,Black cotton and red loamy soil,2023-24,4,True
Odisha,Odisha,Odisha_Sundargarh,20.880995115482424,85.10287941437788,,119997.42115826161,,"Khondalite, quartzite and iron formation host rocks",Eastern Ghats / Iron Ore Group,26.123909571798738,1452.0430174765233,67.14572719562752,Moderate,280.0,,,18.713606664916302,Red lateritic and alluvial soil,2022-23,3,True
Odisha,Odisha,Odisha_Kendujhar,21.035539950009017,85.04021448348323,,518026.81456113624,,"Khondalite, quartzite and iron formation host rocks",Eastern Ghats / Iron Ore Group,26.53323383888291,1449.3191488135658,69.67440200673478,Moderate,280.0,,,17.739585242662148,Red lateritic and alluvial soil,2022-23,3,True
Madhya Pradesh,Madhya Pradesh,Madhya_Pradesh_Madhya_Pradesh,22.98659774154629,78.68800438121113,,802205.0620570099,,"Dolomitic limestone, quartzite and metasediments",Vindhyan / Archaean basement belt,25.597159575730746,1234.5561430492046,57.22916887404776,Good,790.0,,,14.449978341346547,Black cotton and red loamy soil,2022-23,3,True
Maharashtra,Maharashtra,Maharashtra_Bhandara,19.726848276472317,75.71299258898696,,440335.5976189961,,"Basaltic laterite, quartzite and metasediments",Deccan Traps / Precambrian gneissic suite,27.21492879049104,1262.646761570689,68.35748192657266,Good,620.0,,,10.626996983114461,Deep black and red lateritic soil,2022-23,3,True
Madhya Pradesh,Madhya Pradesh,Madhya_Pradesh_Balaghat,22.927396580233907,78.68537908091963,,641467.7479817054,,"Dolomitic limestone, quartzite and metasediments",Vindhyan / Archaean basement belt,25.013603977619915,1121.3013783972124,57.6455949281865,Good,790.0,,,13.646385258386356,Black cotton and red loamy soil,2022-23,3,True
Madhya Pradesh,Madhya Pradesh,Madhya_Pradesh_Jabalpur,22.964930647898225,78.67684877764279,,61762.353847064696,,"Dolomitic limestone, quartzite and metasediments",Vindhyan / Archaean basement belt,25.863801355106194,1141.9093248171844,57.66057989123318,Good,790.0,,,13.37539659178482,Black cotton and red loamy soil,2022-23,3,True
Madhya Pradesh,Madhya Pradesh,Madhya_Pradesh_Chhindwara,22.995325135185688,78.69272420973256,,35545.85987526354,,"Dolomitic limestone, quartzite and metasediments",Vindhyan / Archaean basement belt,25.446321277240934,1163.241227882392,57.135826338338674,Good,790.0,,,15.997514177804764,Black cotton and red loamy soil,2023-24,4,True
Madhya Pradesh,Madhya Pradesh,Madhya_Pradesh_Alirajpur,22.96079302440459,78.57951877057147,,505.97925497893453,,"Dolomitic limestone, quartzite and metasediments",Vindhyan / Archaean basement belt,25.14979320333587,1096.403137704971,59.62405052443983,Good,790.0,,,14.210291291086147,Black cotton and red loamy soil,2023-24,4,True
Madhya Pradesh,Madhya Pradesh,Madhya_Pradesh_Madhya_Pradesh,23.01655516156119,78.70484079346066,,1019432.8946492759,,"Dolomitic limestone, quartzite and metasediments",Vindhyan / Archaean basement belt,25.334065555457464,1052.8819602995632,56.1510745804362,Good,790.0,,,13.765874462717088,Black cotton and red loamy soil,2023-24,4,True
Maharashtra,Maharashtra,Maharashtra_Bhandara,19.790759189972324,75.66730687614155,,543506.02994635,,"Basaltic laterite, quartzite and metasediments",Deccan Traps / Precambrian gneissic suite,27.294376079978004,1133.4750090069297,68.6187831403139,Good,620.0,,,12.617281580492259,Deep black and red lateritic soil,2022-23,3,True
Odisha,Odisha,Odisha_Sundargarh,21.01235474586901,85.08806400707996,,91864.93757015964,,"Khondalite, quartzite and iron formation host rocks",Eastern Ghats / Iron Ore Group,26.00942830695533,1401.30904152805,68.1394706254599,Moderate,280.0,,,20.749222927200854,Red lateritic and alluvial soil,2023-24,4,True
Karnataka,Karnataka,Karnataka_Chitradurga,15.246070475697461,75.68177039632192,,3134.200877438309,,Serpentinized ultramafic rocks and Dharwar schists,Dharwar Supergroup / peninsular metamorphic belt,27.27734761372644,1169.6203887820013,61.5266823506962,Good,410.0,,,15.895041843999827,Red sandy loam and lateritic soil,2022-23,3,True
Madhya Pradesh,Madhya Pradesh,Madhya_Pradesh_Jhabua,22.958781216235433,78.60186345645593,,29701.737313775106,,"Dolomitic limestone, quartzite and metasediments",Vindhyan / Archaean basement belt,25.14648011820713,1181.1268838119313,55.836557301595505,Good,790.0,,,12.432941749764561,Black cotton and red loamy soil,2022-23,3,True
Karnataka,Karnataka,Karnataka_Davangere,15.30161840816517,75.71949697248156,,35372.13391749115,,Serpentinized ultramafic rocks and Dharwar schists,Dharwar Supergroup / peninsular metamorphic belt,27.083192458846586,1130.4184142984632,61.708379083822365,Good,410.0,,,16.77153325976192,Red sandy loam and lateritic soil,2022-23,3,True
Madhya Pradesh,Madhya Pradesh,Madhya_Pradesh_Jhabua,22.979882382362515,78.68608862695135,,27508.83880430983,,"Dolomitic limestone, quartzite and metasediments",Vindhyan / Archaean basement belt,25.17781539260999,1118.2379218496226,54.67305240041546,Good,790.0,,,13.059778791074283,Black cotton and red loamy soil,2022-23,3,True
Odisha,Odisha,Odisha_Sundargarh,20.893556028802735,85.04800442804572,,86097.42519144042,,"Khondalite, quartzite and iron formation host rocks",Eastern Ghats / Iron Ore Group,26.71952803993788,1451.2752820942137,69.97412246379282,Moderate,280.0,,,19.780064204733666,Red lateritic and alluvial soil,2023-24,4,True
Maharashtra,Maharashtra,Maharashtra_Bhandara,19.74537896495175,75.73590809984105,,437507.93544386537,,"Basaltic laterite, quartzite and metasediments",Deccan Traps / Precambrian gneissic suite,27.221004302930556,1269.1089819340887,70.37924401057529,Good,620.0,,,9.785812628956997,Deep black and red lateritic soil,2022-23,3,True
Odisha,Odisha,Odisha_Rayagada,20.91230020289102,85.08027888619986,,109.19176675715572,,"Khondalite, quartzite and iron formation host rocks",Eastern Ghats / Iron Ore Group,25.779479842053394,1443.9421653866984,71.88553160245056,Moderate,280.0,,,18.37908648169185,Red lateritic and alluvial soil,2022-23,3,True
Odisha,Odisha,Odisha_Sundargarh,20.96980153675918,85.11133398585298,,111782.47571960934,,"Khondalite, quartzite and iron formation host rocks",Eastern Ghats / Iron Ore Group,26.344647982052525,1378.4440375684933,70.7559419959894,Moderate,280.0,,,19.826162299905384,Red lateritic and alluvial soil,2022-23,3,True
Madhya Pradesh,Madhya Pradesh,Madhya_Pradesh_Chhindwara,23.023981592373524,78.60002945402621,,40675.77028018144,,"Dolomitic limestone, quartzite and metasediments",Vindhyan / Archaean basement belt,25.38077279682898,1229.3334985560975,59.265379641039175,Good,790.0,,,12.932406230955113,Black cotton and red loamy soil,2023-24,4,True
Odisha,Odisha,Odisha_Raygada,20.936347962971688,85.11002876252361,,74.48095166078112,,"Khondalite, quartzite and iron formation host rocks",Eastern Ghats / Iron Ore Group,26.66834206101792,1518.9246456152634,69.56463061313069,Moderate,280.0,,,20.508079105199066,Red lateritic and alluvial soil,2022-23,3,True
Madhya Pradesh,Madhya Pradesh,Madhya_Pradesh_Chhindwara,23.089969785936617,78.58582053442694,,46916.49634159401,,"Dolomitic limestone, quartzite and metasediments",Vindhyan / Archaean basement belt,25.162674965027275,1163.2638567269128,58.06425874776288,Good,790.0,,,14.078598706115038,Black cotton and red loamy soil,2022-23,3,True
Madhya Pradesh,Madhya Pradesh,Madhya_Pradesh_Jhabua,23.020420263060352,78.66459684471072,,37057.606706916384,,"Dolomitic limestone, quartzite and metasediments",Vindhyan / Archaean basement belt,25.41629511566475,1134.0032491365641,58.52370954808492,Good,790.0,,,14.57740257751925,Black cotton and red loamy soil,2023-24,4,True
Rajasthan,Rajasthan,Rajasthan_Banswara,26.975004970206342,74.18466920473578,,5026.3416240116685,,"Dolomite, limestone and metamorphic carbonate rocks",Aravalli fold belt / Delhi Supergroup,28.93127175316232,495.692769807394,30.155686711490365,Moderate,980.0,,,18.590452297916023,Sandy desert and brown loam soil,2023-24,4,True
Madhya Pradesh,Madhya Pradesh,Madhya_Pradesh_Chhindwara,23.012352762868694,78.6572312763983,,44976.754837697175,,"Dolomitic limestone, quartzite and metasediments",Vindhyan / Archaean basement belt,25.779580306325485,1164.305280062265,53.469559369394304,Good,790.0,,,14.28306858800999,Black cotton and red loamy soil,2022-23,3,True
Madhya Pradesh,Madhya Pradesh,Madhya_Pradesh_Katni,22.91371576658108,78.65903831650469,,1.9810235856437104,,"Dolomitic limestone, quartzite and metasediments",Vindhyan / Archaean basement belt,24.555062252139134,1105.015276317956,58.29678802247742,Good,790.0,,,14.503048668376865,Black cotton and red loamy soil,2022-23,3,True
Madhya Pradesh,Madhya Pradesh,Madhya_Pradesh_Chhindwara,23.02431531075019,78.67835187876723,,44327.17621381756,,"Dolomitic limestone, quartzite and metasediments",Vindhyan / Archaean basement belt,25.157051503599014,1212.687917955908,55.98679460805759,Good,790.0,,,13.82134483098611,Black cotton and red loamy soil,2022-23,3,True
Madhya Pradesh,Madhya Pradesh,Madhya_Pradesh_Jabalpur,23.00347185863342,78.66204486369965,,56895.15129467147,,"Dolomitic limestone, quartzite and metasediments",Vindhyan / Archaean basement belt,25.535965970298037,1155.358897225947,53.48036858460907,Good,790.0,,,12.432822909414552,Black cotton and red loamy soil,2023-24,4,True
Madhya Pradesh,Madhya Pradesh,Madhya_Pradesh_Katni,22.945551517936806,78.66585869713494,,2.000319922611305,,"Dolomitic limestone, quartzite and metasediments",Vindhyan / Archaean basement belt,26.02940069532307,1120.1419727968914,59.38277928058283,Good,790.0,,,13.897337908959367,Black cotton and red loamy soil,2022-23,3,True
Odisha,Odisha,Odisha_Kendujhar,20.95710493807472,85.11650082693687,,524836.9598419515,,"Khondalite, quartzite and iron formation host rocks",Eastern Ghats / Iron Ore Group,26.568737859054746,1464.3092602702536,66.80389524944657,Moderate,280.0,,,19.30131956401517,Red lateritic and alluvial soil,2022-23,3,True
Madhya Pradesh,Madhya Pradesh,Madhya_Pradesh_Jabalpur,22.962175982126478,78.59687322388872,,43302.967615222784,,"Dolomitic limestone, quartzite and metasediments",Vindhyan / Archaean basement belt,25.52758376329748,1099.1462999364053,55.54796980459805,Good,790.0,,,14.988531862851463,Black cotton and red loamy soil,2023-24,4,True
Madhya Pradesh,Madhya Pradesh,Madhya_Pradesh_Chhindwara,22.95186735188554,78.66681790243406,,45201.79081543486,,"Dolomitic limestone, quartzite and metasediments",Vindhyan / Archaean basement belt,25.176173813189383,1143.0707423522877,58.280427318657516,Good,790.0,,,15.22842081228015,Black cotton and red loamy soil,2022-23,3,True
Karnataka,Karnataka,Karnataka_Chitradurga,15.296024900242289,75.66393760117288,,3099.050768902074,,Serpentinized ultramafic rocks and Dharwar schists,Dharwar Supergroup / peninsular metamorphic belt,26.249615112499146,1195.4460979637654,59.236101937272736,Good,410.0,,,15.465188661781442,Red sandy loam and lateritic soil,2022-23,3,True
Karnataka,Karnataka,Karnataka_Chitradurga,15.272181879059772,75.69416394638469,,3033.122016791913,,Serpentinized ultramafic rocks and Dharwar schists,Dharwar Supergroup / peninsular metamorphic belt,26.191799891702004,1141.089812506762,62.4072663574196,Good,410.0,,,18.37460655002643,Red sandy loam and lateritic soil,2022-23,3,True
Odisha,Odisha,Odisha_Kendujhar,20.96209231427222,85.13949686772501,,527508.4766435253,,"Khondalite, quartzite and iron formation host rocks",Eastern Ghats / Iron Ore Group,27.26601761179596,1331.9874027251299,69.09312340326281,Moderate,280.0,,,20.236826116788027,Red lateritic and alluvial soil,2022-23,3,True
Odisha,Odisha,Odisha_Kendujhar,20.91119264594447,85.10356386841111,,539070.4709509794,,"Khondalite, quartzite and iron formation host rocks",Eastern Ghats / Iron Ore Group,26.82434675178824,1420.516270432027,69.7736631805422,Moderate,280.0,,,17.72426359627825,Red lateritic and alluvial soil,2023-24,4,True
Karnataka,Karnataka,Karnataka_Davangere,15.261392553475263,75.68739194366579,,44039.45941003428,,Serpentinized ultramafic rocks and Dharwar schists,Dharwar Supergroup / peninsular metamorphic belt,26.331566156036654,1138.5458990767097,64.09463057214752,Good,410.0,,,16.606291156108707,Red sandy loam and lateritic soil,2022-23,3,True
Odisha,Odisha,Odisha_Raygada,20.954631012583427,85.10000092929359,,75.44950812059915,,"Khondalite, quartzite and iron formation host rocks",Eastern Ghats / Iron Ore Group,26.270814424574574,1507.2132541533529,68.94145538660021,Moderate,280.0,,,20.09760399249544,Red lateritic and alluvial soil,2022-23,3,True
Madhya Pradesh,Madhya Pradesh,Madhya_Pradesh_Chhindwara,23.009984962159475,78.60216662809795,,41077.338090337085,,"Dolomitic limestone, quartzite and metasediments",Vindhyan / Archaean basement belt,24.895307442525993,1163.7428042382173,55.966978515678335,Good,790.0,,,13.785624890294885,Black cotton and red loamy soil,2023-24,4,True
Madhya Pradesh,Madhya Pradesh,Madhya_Pradesh_Alirajpur,22.99366332616761,78.6044278733689,,808.257269485036,,"Dolomitic limestone, quartzite and metasediments",Vindhyan / Archaean basement belt,25.26397838662661,1131.5745335543688,59.95478732994934,Good,790.0,,,14.111350429398112,Black cotton and red loamy soil,2022-23,3,True
Madhya Pradesh,Madhya Pradesh,Madhya_Pradesh_Jabalpur,23.00911423265292,78.62591959753945,,44734.19754287812,,"Dolomitic limestone, quartzite and metasediments",Vindhyan / Archaean basement belt,25.509836657037493,1133.4135705609144,56.01650516053973,Good,790.0,,,13.423003628622466,Black cotton and red loamy soil,2023-24,4,True
Madhya Pradesh,Madhya Pradesh,Madhya_Pradesh_Jabalpur,23.041797758160484,78.74760576815596,,67316.94870318305,,"Dolomitic limestone, quartzite and metasediments",Vindhyan / Archaean basement belt,25.784717044441734,1138.236476815576,58.25759258722061,Good,790.0,,,13.434361251644962,Black cotton and red loamy soil,2022-23,3,True
Maharashtra,Maharashtra,Maharashtra_Bhandara,19.70921380503447,75.67182450908406,,736452.067750169,,"Basaltic laterite, quartzite and metasediments",Deccan Traps / Precambrian gneissic suite,26.827837925288108,1228.0192200841575,66.73983497948866,Good,620.0,,,10.823799683356567,Deep black and red lateritic soil,2023-24,4,True
Karnataka,Karnataka,Karnataka_Tumakuru,15.299244621961424,75.71678070567668,,7212.490011331533,,Serpentinized ultramafic rocks and Dharwar schists,Dharwar Supergroup / peninsular metamorphic belt,26.47878626190387,1110.6012322135118,67.61913794019279,Good,410.0,,,16.842126959137634,Red sandy loam and lateritic soil,2023-24,4,True
Rajasthan,Rajasthan,Rajasthan_Banswara,27.032226675108987,74.17304275815931,,7235.87298482308,,"Dolomite, limestone and metamorphic carbonate rocks",Aravalli fold belt / Delhi Supergroup,28.90392055475764,572.2451342286124,25.306394902440868,Moderate,980.0,,,18.119500680802915,Sandy desert and brown loam soil,2022-23,3,True
Madhya Pradesh,Madhya Pradesh,Madhya_Pradesh_Madhya_Pradesh,23.000910445263997,78.70541534766892,,935290.1050688991,,"Dolomitic limestone, quartzite and metasediments",Vindhyan / Archaean basement belt,24.547268517863436,1197.994915191313,55.033168042681936,Good,790.0,,,14.095439038487736,Black cotton and red loamy soil,2022-23,3,True
Odisha,Odisha,Odisha_Raygada,20.951383819385068,85.10945369593234,,74.19317564457968,,"Khondalite, quartzite and iron formation host rocks",Eastern Ghats / Iron Ore Group,26.955430325769026,1369.2053401362461,66.6833288688355,Moderate,280.0,,,20.301552306812905,Red lateritic and alluvial soil,2022-23,3,True
Maharashtra,Maharashtra,Maharashtra_Nagpur,19.728961142982996,75.69617951387033,,287076.6504163969,,"Basaltic laterite, quartzite and metasediments",Deccan Traps / Precambrian gneissic suite,26.985443099410745,1145.5885604496734,67.70385519090449,Good,620.0,,,11.674301889926271,Deep black and red lateritic soil,2023-24,4,True
Telangana,Telangana,,18.035563362964194,79.03838140508905,,6054.727241897257,,"Quartzite, dolomitic sediment and granite-derived weathered mantle",Peninsular gneiss / Cuddapah sediments,26.8566228750712,944.401897391764,52.18470807650892,Good,510.0,,,14.695573237143332,Red and black mixed soil,2023-24,4,True
Madhya Pradesh,Madhya Pradesh,Madhya_Pradesh_Jhabua,22.984352153812942,78.65661532579485,,34312.97670721789,,"Dolomitic limestone, quartzite and metasediments",Vindhyan / Archaean basement belt,24.716514564483113,1166.6185035470155,53.05233226028207,Good,790.0,,,14.960734307594464,Black cotton and red loamy soil,2023-24,4,True
Odisha,Odisha,Odisha_Sundargarh,20.941266861663816,85.01419242449542,,116629.89554699729,,"Khondalite, quartzite and iron formation host rocks",Eastern Ghats / Iron Ore Group,26.926423595046895,1426.5470509349984,70.96796458790305,Moderate,280.0,,,20.66435367423993,Red lateritic and alluvial soil,2022-23,3,True
Madhya Pradesh,Madhya Pradesh,Madhya_Pradesh_Jabalpur,23.00782118831846,78.71925264991195,,43823.28009028899,,"Dolomitic limestone, quartzite and metasediments",Vindhyan / Archaean basement belt,25.09212515042137,1214.8159863650224,58.34758878733552,Good,790.0,,,14.64455841198398,Black cotton and red loamy soil,2023-24,4,True
Madhya Pradesh,Madhya Pradesh,Madhya_Pradesh_Balaghat,22.98998465140107,78.6800464653526,,916731.4230540928,,"Dolomitic limestone, quartzite and metasediments",Vindhyan / Archaean basement belt,25.420093525003352,1155.7663143152126,54.76534479589745,Good,790.0,,,14.747272051143455,Black cotton and red loamy soil,2023-24,4,True
Odisha,Odisha,Odisha_Kendujhar,20.928207169489447,85.0989394205411,,573408.0181700003,,"Khondalite, quartzite and iron formation host rocks",Eastern Ghats / Iron Ore Group,27.117397627500623,1461.1439350543822,68.19861563257464,Moderate,280.0,,,19.74129409831427,Red lateritic and alluvial soil,2022-23,3,True
Madhya Pradesh,Madhya Pradesh,Madhya_Pradesh_Jabalpur,22.92866776731174,78.64151799559927,,77075.05295088493,,"Dolomitic limestone, quartzite and metasediments",Vindhyan / Archaean basement belt,24.68679502229285,1103.9446089893954,57.06539045050654,Good,790.0,,,12.689703250234562,Black cotton and red loamy soil,2022-23,3,True
Madhya Pradesh,Madhya Pradesh,Madhya_Pradesh_Alirajpur,22.99240512269392,78.629222652153,,552.4951435823949,,"Dolomitic limestone, quartzite and metasediments",Vindhyan / Archaean basement belt,25.295231732286897,1138.8410955600793,58.34422863019287,Good,790.0,,,14.231282022743365,Black cotton and red loamy soil,2023-24,4,True
Karnataka,Karnataka,Karnataka_Tumakuru,15.27391557510255,75.77040052279844,,10745.237834969508,,Serpentinized ultramafic rocks and Dharwar schists,Dharwar Supergroup / peninsular metamorphic belt,26.311063279787106,1202.375981947452,63.31123612234276,Good,410.0,,,16.393376870254098,Red sandy loam and lateritic soil,2022-23,3,True
Madhya Pradesh,Madhya Pradesh,Madhya_Pradesh_Madhya_Pradesh,22.95856887322152,78.66632279482559,,1108083.9030482802,,"Dolomitic limestone, quartzite and metasediments",Vindhyan / Archaean basement belt,25.3268387103904,1176.8200802805727,58.357047902800055,Good,790.0,,,14.157232843436194,Black cotton and red loamy soil,2023-24,4,True
Karnataka,Karnataka,Karnataka_Chitradurga,15.244164187542339,75.74309315156061,,3465.9683619421144,,Serpentinized ultramafic rocks and Dharwar schists,Dharwar Supergroup / peninsular metamorphic belt,26.38197208174644,1137.190654332861,59.87105450774766,Good,410.0,,,15.383807260009306,Red sandy loam and lateritic soil,2022-23,3,True
Madhya Pradesh,Madhya Pradesh,Madhya_Pradesh_Balaghat,22.955127600770457,78.660957897226,,775219.3852670009,,"Dolomitic limestone, quartzite and metasediments",Vindhyan / Archaean basement belt,25.65369913504467,1223.1177876700017,59.84421269984711,Good,790.0,,,12.373915511373484,Black cotton and red loamy soil,2023-24,4,True
Madhya Pradesh,Madhya Pradesh,Madhya_Pradesh_Alirajpur,22.995114328979106,78.69788050701706,,525.9901018536785,,"Dolomitic limestone, quartzite and metasediments",Vindhyan / Archaean basement belt,25.469872256269028,1175.8761672492474,53.87759415562224,Good,790.0,,,12.936440270565283,Black cotton and red loamy soil,2023-24,4,True
Karnataka,Karnataka,Karnataka_Chitradurga,15.255259223506076,75.73202075025249,,2892.9630948815657,,Serpentinized ultramafic rocks and Dharwar schists,Dharwar Supergroup / peninsular metamorphic belt,26.70675526307369,1113.8409431947364,60.83681213143679,Good,410.0,,,13.84397695745002,Red sandy loam and lateritic soil,2022-23,3,True
Madhya Pradesh,Madhya Pradesh,Madhya_Pradesh_Jhabua,22.96819895754006,78.68166420073858,,30846.907441347408,,"Dolomitic limestone, quartzite and metasediments",Vindhyan / Archaean basement belt,25.774956588625365,1121.1368662862405,58.20587388751044,Good,790.0,,,13.445427594359552,Black cotton and red loamy soil,2023-24,4,True
Maharashtra,Maharashtra,Maharashtra_Nagpur,19.72028266181422,75.73429282831104,,301295.4480354227,,"Basaltic laterite, quartzite and metasediments",Deccan Traps / Precambrian gneissic suite,26.935557222025448,1226.3878680686714,68.87091667191484,Good,620.0,,,12.147322330486471,Deep black and red lateritic soil,2022-23,3,True
Madhya Pradesh,Madhya Pradesh,Madhya_Pradesh_Katni,23.014413921370313,78.6442085309899,,1.7786458244033196,,"Dolomitic limestone, quartzite and metasediments",Vindhyan / Archaean basement belt,24.333328602126535,1046.052805864577,55.76790194888775,Good,790.0,,,15.190305703510118,Black cotton and red loamy soil,2022-23,3,True
Karnataka,Karnataka,Karnataka_Ballari,15.315095916038308,75.6662041867823,,280668.82891887723,,Serpentinized ultramafic rocks and Dharwar schists,Dharwar Supergroup / peninsular metamorphic belt,26.12747341430798,1115.594275294303,64.25798220192404,Good,410.0,,,17.02690574632062,Red sandy loam and lateritic soil,2022-23,3,True
Madhya Pradesh,Madhya Pradesh,Madhya_Pradesh_Madhya_Pradesh,22.95725631525923,78.62237257350623,,949185.2324240386,,"Dolomitic limestone, quartzite and metasediments",Vindhyan / Archaean basement belt,25.65634973341699,1123.5226774915807,53.56167773224791,Good,790.0,,,14.866225200858528,Black cotton and red loamy soil,2022-23,3,True
Odisha,Odisha,Odisha_Sundargarh,20.924609032639626,85.06643524636927,,99037.37125272641,,"Khondalite, quartzite and iron formation host rocks",Eastern Ghats / Iron Ore Group,26.588346841169074,1381.4824697550841,67.67613118723982,Moderate,280.0,,,21.604229104685015,Red lateritic and alluvial soil,2022-23,3,True
Madhya Pradesh,Madhya Pradesh,Madhya_Pradesh_Madhya_Pradesh,22.901285752143288,78.62681356527729,,795837.4352842434,,"Dolomitic limestone, quartzite and metasediments",Vindhyan / Archaean basement belt,24.636871826941633,1168.866565205506,56.24064705830365,Good,790.0,,,12.772084449308156,Black cotton and red loamy soil,2022-23,3,True
Madhya Pradesh,Madhya Pradesh,Madhya_Pradesh_Jhabua,22.90234406814631,78.63074147465451,,31775.623478660564,,"Dolomitic limestone, quartzite and metasediments",Vindhyan / Archaean basement belt,25.419744048509347,1129.4761646631475,57.49074201799066,Good,790.0,,,16.000963101590152,Black cotton and red loamy soil,2022-23,3,True
Madhya Pradesh,Madhya Pradesh,Madhya_Pradesh_Balaghat,22.94995793440098,78.66347282637527,,864834.6264629572,,"Dolomitic limestone, quartzite and metasediments",Vindhyan / Archaean basement belt,24.97905619493464,1123.224833575972,56.42726772826965,Good,790.0,,,14.908062843517985,Black cotton and red loamy soil,2023-24,4,True
Karnataka,Karnataka,Karnataka_Tumakuru,15.326835534993496,75.71035544218987,,9564.880319368916,,Serpentinized ultramafic rocks and Dharwar schists,Dharwar Supergroup / peninsular metamorphic belt,26.542964284913044,1149.0017187409198,62.97018773699423,Good,410.0,,,15.763869908222015,Red sandy loam and lateritic soil,2022-23,3,True
Madhya Pradesh,Madhya Pradesh,Madhya_Pradesh_Chhindwara,23.041263467318835,78.60328575167914,,44354.29632084557,,"Dolomitic limestone, quartzite and metasediments",Vindhyan / Archaean basement belt,25.292655949260922,1197.479082844453,57.20938005977625,Good,790.0,,,13.764165756185818,Black cotton and red loamy soil,2023-24,4,True
Karnataka,Karnataka,Karnataka_Davangere,15.32412500314159,75.69148202124788,,37853.90395315466,,Serpentinized ultramafic rocks and Dharwar schists,Dharwar Supergroup / peninsular metamorphic belt,27.351278989663058,1083.137250853733,62.977337048934615,Good,410.0,,,16.217273158228625,Red sandy loam and lateritic soil,2022-23,3,True
Madhya Pradesh,Madhya Pradesh,Madhya_Pradesh_Madhya_Pradesh,22.942711317258777,78.62464872717261,,767626.812663133,,"Dolomitic limestone, quartzite and metasediments",Vindhyan / Archaean basement belt,25.298543534583793,1154.722138701928,57.39676232125288,Good,790.0,,,13.214023392068645,Black cotton and red loamy soil,2022-23,3,True
Madhya Pradesh,Madhya Pradesh,Madhya_Pradesh_Madhya_Pradesh,22.97691470548323,78.67258043749462,,1058851.208606945,,"Dolomitic limestone, quartzite and metasediments",Vindhyan / Archaean basement belt,25.48108115548278,1180.9318129387748,58.930340985457335,Good,790.0,,,14.545323261967061,Black cotton and red loamy soil,2023-24,4,True
Madhya Pradesh,Madhya Pradesh,Madhya_Pradesh_Katni,22.946764891555183,78.674260392938,,2.0407054028229346,,"Dolomitic limestone, quartzite and metasediments",Vindhyan / Archaean basement belt,26.174953415527167,1161.2674557082225,56.096098040292986,Good,790.0,,,13.469178171870352,Black cotton and red loamy soil,2022-23,3,True
Madhya Pradesh,Madhya Pradesh,Madhya_Pradesh_Madhya_Pradesh,23.020951364574156,78.68192702286385,,773526.4074906756,,"Dolomitic limestone, quartzite and metasediments",Vindhyan / Archaean basement belt,25.367031898627207,1107.7196246461888,54.77813780956856,Good,790.0,,,15.122678254563738,Black cotton and red loamy soil,2022-23,3,True
Madhya Pradesh,Madhya Pradesh,Madhya_Pradesh_Jabalpur,22.979771911353186,78.65577667699583,,69341.62646135152,,"Dolomitic limestone, quartzite and metasediments",Vindhyan / Archaean basement belt,25.39643135953123,1237.4646303115087,60.18043761124356,Good,790.0,,,14.658797368366193,Black cotton and red loamy soil,2022-23,3,True
Odisha,Odisha,Odisha_Rayagada,20.956897194166643,85.09570804856952,,109.65544144725192,,"Khondalite, quartzite and iron formation host rocks",Eastern Ghats / Iron Ore Group,26.6051380489614,1479.5289097948341,68.42002729226479,Moderate,280.0,,,20.47660296732398,Red lateritic and alluvial soil,2022-23,3,True
Rajasthan,Rajasthan,Rajasthan_Banswara,27.004676677689847,74.2702298642752,,4775.696790022943,,"Dolomite, limestone and metamorphic carbonate rocks",Aravalli fold belt / Delhi Supergroup,27.88933908973191,512.1827465599729,28.41082105392252,Moderate,980.0,,,17.565153378809768,Sandy desert and brown loam soil,2023-24,4,True
Madhya Pradesh,Madhya Pradesh,Madhya_Pradesh_Madhya_Pradesh,22.954897771347017,78.69676219537993,,954451.6716023671,,"Dolomitic limestone, quartzite and metasediments",Vindhyan / Archaean basement belt,25.439811853720148,1191.890468836121,58.4736730618401,Good,790.0,,,13.603086158762208,Black cotton and red loamy soil,2023-24,4,True
Odisha,Odisha,Odisha_Kendujhar,20.92116242730757,85.04333402994605,,493604.4095552552,,"Khondalite, quartzite and iron formation host rocks",Eastern Ghats / Iron Ore Group,26.83101312212662,1464.950586759838,73.83288975347082,Moderate,280.0,,,20.922639722787853,Red lateritic and alluvial soil,2022-23,3,True
Madhya Pradesh,Madhya Pradesh,Madhya_Pradesh_Jhabua,23.004074691733162,78.60791180889397,,34267.28794060077,,"Dolomitic limestone, quartzite and metasediments",Vindhyan / Archaean basement belt,25.435789830876594,1191.9295456510124,54.75408590178574,Good,790.0,,,14.49792293426938,Black cotton and red loamy soil,2022-23,3,True
Madhya Pradesh,Madhya Pradesh,Madhya_Pradesh_Madhya_Pradesh,22.90099146715653,78.63279122547878,,946907.3191999344,,"Dolomitic limestone, quartzite and metasediments",Vindhyan / Archaean basement belt,25.60408784748021,1281.512051703528,56.01428046220888,Good,790.0,,,14.366451146571551,Black cotton and red loamy soil,2023-24,4,True
Madhya Pradesh,Madhya Pradesh,Madhya_Pradesh_Madhya_Pradesh,22.961039105392153,78.64998515670226,,1116324.5258827268,,"Dolomitic limestone, quartzite and metasediments",Vindhyan / Archaean basement belt,25.495501881309018,1105.9983883966777,57.759375161227965,Good,790.0,,,15.722359941995649,Black cotton and red loamy soil,2023-24,4,True
Madhya Pradesh,Madhya Pradesh,Madhya_Pradesh_Jabalpur,22.917123433375927,78.57779003750531,,71589.21638672819,,"Dolomitic limestone, quartzite and metasediments",Vindhyan / Archaean basement belt,25.331398495754243,1163.6814539852026,56.3156942185359,Good,790.0,,,14.530693938024733,Black cotton and red loamy soil,2022-23,3,True
Telangana,Telangana,,18.026159679757626,78.98269501362083,,6255.52759762898,,"Quartzite, dolomitic sediment and granite-derived weathered mantle",Peninsular gneiss / Cuddapah sediments,26.98793379723788,931.8389673243798,52.10750512598101,Good,510.0,,,13.71386996329121,Red and black mixed soil,2023-24,4,True
Karnataka,Karnataka,Karnataka_Tumakuru,15.348382918359635,75.71008856851944,,9536.214960566107,,Serpentinized ultramafic rocks and Dharwar schists,Dharwar Supergroup / peninsular metamorphic belt,26.85545681767491,1175.7145844134673,64.04481445072095,Good,410.0,,,14.84632508360024,Red sandy loam and lateritic soil,2022-23,3,True
Odisha,Odisha,Odisha_Sundargarh,20.956974952524845,85.1312505580139,,86547.46767862907,,"Khondalite, quartzite and iron formation host rocks",Eastern Ghats / Iron Ore Group,26.668286390600013,1418.060767420024,71.2588080122044,Moderate,280.0,,,20.467819782909658,Red lateritic and alluvial soil,2023-24,4,True
Maharashtra,Maharashtra,Maharashtra_Nagpur,19.81323971424058,75.72416634922848,,251334.25964207217,,"Basaltic laterite, quartzite and metasediments",Deccan Traps / Precambrian gneissic suite,26.818415679421317,1258.6435287041459,64.38371190625851,Good,620.0,,,12.870822770366638,Deep black and red lateritic soil,2022-23,3,True
Odisha,Odisha,Odisha_Raygada,21.007735274412518,85.05660851414464,,71.29891227301506,,"Khondalite, quartzite and iron formation host rocks",Eastern Ghats / Iron Ore Group,26.50211310910349,1413.7736605161504,68.97587716136175,Moderate,280.0,,,20.77187429236983,Red lateritic and alluvial soil,2022-23,3,True
Odisha,Odisha,Odisha_Raygada,20.95964314482726,85.11807535755754,,74.44023580895451,,"Khondalite, quartzite and iron formation host rocks",Eastern Ghats / Iron Ore Group,26.773720062019258,1460.7278636086996,71.8224760891379,Moderate,280.0,,,20.39045493205388,Red lateritic and alluvial soil,2022-23,3,True
Madhya Pradesh,Madhya Pradesh,Madhya_Pradesh_Katni,22.995605827277796,78.658668680116,,1.8746408637905336,,"Dolomitic limestone, quartzite and metasediments",Vindhyan / Archaean basement belt,25.47528434753666,1167.556523314477,58.54507961516552,Good,790.0,,,14.107534180053634,Black cotton and red loamy soil,2022-23,3,True
Karnataka,Karnataka,Karnataka_Chitradurga,15.29634908885835,75.73079156076501,,3266.6201762482883,,Serpentinized ultramafic rocks and Dharwar schists,Dharwar Supergroup / peninsular metamorphic belt,26.86761355293462,1162.747453077346,66.4130506142808,Good,410.0,,,15.971982215104257,Red sandy loam and lateritic soil,2022-23,3,True
Karnataka,Karnataka,Karnataka_Chitradurga,15.28534777020428,75.69983901059426,,3059.322886627502,,Serpentinized ultramafic rocks and Dharwar schists,Dharwar Supergroup / peninsular metamorphic belt,26.667686247893982,1163.978877712435,62.648178444640095,Good,410.0,,,18.337845119172165,Red sandy loam and lateritic soil,2022-23,3,True
Madhya Pradesh,Madhya Pradesh,Madhya_Pradesh_Chhindwara,22.96011325880644,78.76505940429116,,47180.81546669495,,"Dolomitic limestone, quartzite and metasediments",Vindhyan / Archaean basement belt,25.840690197267158,1199.5080481405976,56.81006937881466,Good,790.0,,,14.319094834023574,Black cotton and red loamy soil,2022-23,3,True
Odisha,Odisha,Odisha_Sundargarh,20.937124908284268,85.10359449902626,,109113.2184481805,,"Khondalite, quartzite and iron formation host rocks",Eastern Ghats / Iron Ore Group,26.270062029914033,1413.4863115415885,71.87313871171358,Moderate,280.0,,,19.30573623775193,Red lateritic and alluvial soil,2022-23,3,True
Madhya Pradesh,Madhya Pradesh,Madhya_Pradesh_Balaghat,22.997438371387997,78.6702012925239,,853223.2297080708,,"Dolomitic limestone, quartzite and metasediments",Vindhyan / Archaean basement belt,25.023549699849944,1194.8266029337917,57.44859461436319,Good,790.0,,,13.15325590711598,Black cotton and red loamy soil,2023-24,4,True
Odisha,Odisha,Odisha_Sundargarh,21.00374633394608,85.1238368616411,,115107.46940284257,,"Khondalite, quartzite and iron formation host rocks",Eastern Ghats / Iron Ore Group,26.417461474324767,1484.3823557361384,68.11209295055599,Moderate,280.0,,,19.256139072904364,Red lateritic and alluvial soil,2022-23,3,True
Odisha,Odisha,Odisha_Kendujhar,20.92705299663302,85.0644672151047,,490327.9999811958,,"Khondalite, quartzite and iron formation host rocks",Eastern Ghats / Iron Ore Group,26.001770863631446,1513.2959796229793,68.52324683824578,Moderate,280.0,,,22.812649248238724,Red lateritic and alluvial soil,2022-23,3,True
Odisha,Odisha,Odisha_Sundargarh,20.970941146590544,85.11880913806553,,90140.19389946482,,"Khondalite, quartzite and iron formation host rocks",Eastern Ghats / Iron Ore Group,26.717264828638097,1434.7926069991902,70.10339664285723,Moderate,280.0,,,18.783396284710594,Red lateritic and alluvial soil,2023-24,4,True
Karnataka,Karnataka,Karnataka_Tumakuru,15.27720497016935,75.64427988043889,,9913.738550192988,,Serpentinized ultramafic rocks and Dharwar schists,Dharwar Supergroup / peninsular metamorphic belt,26.882050890768735,1144.8395971649504,58.27503049475041,Good,410.0,,,18.121143402633667,Red sandy loam and lateritic soil,2022-23,3,True
Karnataka,Karnataka,Karnataka_Tumakuru,15.346343934457852,75.67665706048231,,7385.435981839071,,Serpentinized ultramafic rocks and Dharwar schists,Dharwar Supergroup / peninsular metamorphic belt,27.503824139340182,1155.0547079034347,63.09796574815382,Good,410.0,,,15.531574302100543,Red sandy loam and lateritic soil,2023-24,4,True
Rajasthan,Rajasthan,Rajasthan_Banswara,27.024362883314943,74.20929403336916,,6031.473606572281,,"Dolomite, limestone and metamorphic carbonate rocks",Aravalli fold belt / Delhi Supergroup,28.15029095150994,540.6956239329324,27.63938595430093,Moderate,980.0,,,17.173007139652224,Sandy desert and brown loam soil,2022-23,3,True
Odisha,Odisha,Odisha_Raygada,20.994934248198035,85.0867260910589,,73.27656502417355,,"Khondalite, quartzite and iron formation host rocks",Eastern Ghats / Iron Ore Group,26.63178000826352,1422.6185895175022,71.20958316510114,Moderate,280.0,,,19.823140806427205,Red lateritic and alluvial soil,2022-23,3,True
Maharashtra,Maharashtra,Maharashtra_Bhandara,19.79068341364624,75.76556745862634,,858900.0641642311,,"Basaltic laterite, quartzite and metasediments",Deccan Traps / Precambrian gneissic suite,26.94802984835939,1243.7644870027834,69.58078695393235,Good,620.0,,,12.610844916410855,Deep black and red lateritic soil,2023-24,4,True
Madhya Pradesh,Madhya Pradesh,Madhya_Pradesh_Chhindwara,22.947429483215597,78.59747751987075,,46056.21436097364,,"Dolomitic limestone, quartzite and metasediments",Vindhyan / Archaean basement belt,25.40394719381653,1129.6718819461614,56.80385286293499,Good,790.0,,,14.013898209332512,Black cotton and red loamy soil,2022-23,3,True
Odisha,Odisha,Odisha_Sundargarh,20.961071934415074,85.10453686107226,,89969.2709180185,,"Khondalite, quartzite and iron formation host rocks",Eastern Ghats / Iron Ore Group,26.322084760405403,1411.0059502779434,67.80068330831132,Moderate,280.0,,,20.085993480747625,Red lateritic and alluvial soil,2023-24,4,True
Madhya Pradesh,Madhya Pradesh,Madhya_Pradesh_Jhabua,22.921923702378546,78.72021317787093,,29008.730771592112,,"Dolomitic limestone, quartzite and metasediments",Vindhyan / Archaean basement belt,25.569778618472444,1254.1285950756787,54.84487734226535,Good,790.0,,,14.277289531210847,Black cotton and red loamy soil,2022-23,3,True
Rajasthan,Rajasthan,Rajasthan_Banswara,27.011601071251476,74.267075028706,,6035.043752788746,,"Dolomite, limestone and metamorphic carbonate rocks",Aravalli fold belt / Delhi Supergroup,28.768432655317916,520.2694570492426,26.194986987113417,Moderate,980.0,,,16.960901078783447,Sandy desert and brown loam soil,2022-23,3,True
Rajasthan,Rajasthan,Rajasthan_Banswara,26.960513319354924,74.18811506574245,,6408.890955640932,,"Dolomite, limestone and metamorphic carbonate rocks",Aravalli fold belt / Delhi Supergroup,28.972303919178312,513.6595900454794,26.758962758702676,Moderate,980.0,,,17.942593620899792,Sandy desert and brown loam soil,2022-23,3,True
Maharashtra,Maharashtra,Maharashtra_Nagpur,19.65624930639512,75.75525144671755,,261996.12446526374,,"Basaltic laterite, quartzite and metasediments",Deccan Traps / Precambrian gneissic suite,27.070418041470987,1274.9781908537686,69.3502893197898,Good,620.0,,,10.963418025130343,Deep black and red lateritic soil,2023-24,4,True
Odisha,Odisha,Odisha_Kendujhar,20.8566083803308,85.06710883011377,,540415.1416537248,,"Khondalite, quartzite and iron formation host rocks",Eastern Ghats / Iron Ore Group,26.979605237012347,1466.8487712929395,71.10184876178708,Moderate,280.0,,,20.246683149610742,Red lateritic and alluvial soil,2022-23,3,True
Madhya Pradesh,Madhya Pradesh,Madhya_Pradesh_Chhindwara,22.964829002297822,78.58304651955517,,44080.162271222776,,"Dolomitic limestone, quartzite and metasediments",Vindhyan / Archaean basement belt,25.676278294484394,1157.0496951434657,58.21690347285936,Good,790.0,,,14.47761072975677,Black cotton and red loamy soil,2022-23,3,True
Telangana,Telangana,,18.117474679051835,78.8967488053475,,5466.493167402462,,"Quartzite, dolomitic sediment and granite-derived weathered mantle",Peninsular gneiss / Cuddapah sediments,27.220946155542553,943.552783221923,53.81678659453461,Good,510.0,,,13.909552747449522,Red and black mixed soil,2023-24,4,True
Maharashtra,Maharashtra,Maharashtra_Bhandara,19.752034223661745,75.7580976195583,,473190.0308105671,,"Basaltic laterite, quartzite and metasediments",Deccan Traps / Precambrian gneissic suite,26.405549871904853,1305.870360173092,70.47049477662054,Good,620.0,,,11.453462206971622,Deep black and red lateritic soil,2022-23,3,True
Maharashtra,Maharashtra,Maharashtra_Bhandara,19.790340253438366,75.65068642728617,,772104.4386977257,,"Basaltic laterite, quartzite and metasediments",Deccan Traps / Precambrian gneissic suite,27.34412090917235,1244.6607229650967,72.55486089711219,Good,620.0,,,12.363009247714517,Deep black and red lateritic soil,2023-24,4,True
Telangana,Telangana,,18.14950969598205,79.12220069747879,,5702.383458792187,,"Quartzite, dolomitic sediment and granite-derived weathered mantle",Peninsular gneiss / Cuddapah sediments,26.850688255929317,967.1551990017597,54.32988889037625,Good,510.0,,,16.202700806536146,Red and black mixed soil,2023-24,4,True
Odisha,Odisha,Odisha_Kendujhar,20.841192979773048,85.08111202105107,,581778.2605773469,,"Khondalite, quartzite and iron formation host rocks",Eastern Ghats / Iron Ore Group,26.42842224748643,1424.2494207476784,68.2199585004728,Moderate,280.0,,,19.693880951540045,Red lateritic and alluvial soil,2023-24,4,True
Rajasthan,Rajasthan,Rajasthan_Banswara,27.0342568165092,74.25095629239573,,6582.416435672101,,"Dolomite, limestone and metamorphic carbonate rocks",Aravalli fold belt / Delhi Supergroup,28.804681534450552,530.6781071199382,30.582058110368273,Moderate,980.0,,,18.93538118352911,Sandy desert and brown loam soil,2022-23,3,True
Karnataka,Karnataka,Karnataka_Tumakuru,15.305768581674906,75.73009929275699,,11837.656236193294,,Serpentinized ultramafic rocks and Dharwar schists,Dharwar Supergroup / peninsular metamorphic belt,26.973642247831076,1215.5726560552846,62.732665867300085,Good,410.0,,,16.0559393501324,Red sandy loam and lateritic soil,2022-23,3,True
Madhya Pradesh,Madhya Pradesh,Madhya_Pradesh_Jabalpur,22.973868656708778,78.5615644518817,,76188.12655605859,,"Dolomitic limestone, quartzite and metasediments",Vindhyan / Archaean basement belt,25.840222632804302,1153.9745646860583,59.28050656188856,Good,790.0,,,14.419464892853249,Black cotton and red loamy soil,2022-23,3,True
Karnataka,Karnataka,Karnataka_Tumakuru,15.281215554472757,75.65179970106799,,8168.635589458091,,Serpentinized ultramafic rocks and Dharwar schists,Dharwar Supergroup / peninsular metamorphic belt,26.859315854917643,1069.8893450999042,63.99934803974398,Good,410.0,,,17.46993723094123,Red sandy loam and lateritic soil,2023-24,4,True
Madhya Pradesh,Madhya Pradesh,Madhya_Pradesh_Jabalpur,23.006781021894763,78.69887994423452,,78208.9707863269,,"Dolomitic limestone, quartzite and metasediments",Vindhyan / Archaean basement belt,25.429631448256465,1163.6298197357883,62.53487178406452,Good,790.0,,,13.508459173842834,Black cotton and red loamy soil,2022-23,3,True
Karnataka,Karnataka,Karnataka_Davangere,15.34976942839986,75.67510798419539,,37230.97459562796,,Serpentinized ultramafic rocks and Dharwar schists,Dharwar Supergroup / peninsular metamorphic belt,26.08083354231365,1220.066163040399,61.62282773398798,Good,410.0,,,15.809928327099255,Red sandy loam and lateritic soil,2022-23,3,True
Madhya Pradesh,Madhya Pradesh,Madhya_Pradesh_Balaghat,22.998264052524842,78.65541002989791,,924804.176227493,,"Dolomitic limestone, quartzite and metasediments",Vindhyan / Archaean basement belt,25.662309955392296,1136.7930887290806,58.30308124128792,Good,790.0,,,15.50202925184313,Black cotton and red loamy soil,2023-24,4,True
Madhya Pradesh,Madhya Pradesh,Madhya_Pradesh_Balaghat,23.021770582737016,78.71975343264329,,1032127.4019485771,,"Dolomitic limestone, quartzite and metasediments",Vindhyan / Archaean basement belt,25.452528395620757,1116.674098728795,57.64798051254429,Good,790.0,,,11.813558021249433,Black cotton and red loamy soil,2023-24,4,True
Karnataka,Karnataka,Karnataka_Davangere,15.376503968148556,75.75867588647994,,36606.5543448004,,Serpentinized ultramafic rocks and Dharwar schists,Dharwar Supergroup / peninsular metamorphic belt,26.968117003558483,1119.4802421122686,67.06380935548435,Good,410.0,,,15.647734965050232,Red sandy loam and lateritic soil,2022-23,3,True
Madhya Pradesh,Madhya Pradesh,Madhya_Pradesh_Chhindwara,22.968808882039923,78.72061648356491,,44437.00471283322,,"Dolomitic limestone, quartzite and metasediments",Vindhyan / Archaean basement belt,25.01476855751797,1128.9875350396496,56.5231272980394,Good,790.0,,,14.788907883383239,Black cotton and red loamy soil,2022-23,3,True
Madhya Pradesh,Madhya Pradesh,Madhya_Pradesh_Balaghat,22.969931811966315,78.64595184016729,,751074.2227899249,,"Dolomitic limestone, quartzite and metasediments",Vindhyan / Archaean basement belt,25.155342351413623,1065.5395959872017,57.08526204887549,Good,790.0,,,14.504444647662469,Black cotton and red loamy soil,2022-23,3,True
Madhya Pradesh,Madhya Pradesh,Madhya_Pradesh_Balaghat,22.909047731629204,78.68364221373027,,995878.3201108077,,"Dolomitic limestone, quartzite and metasediments",Vindhyan / Archaean basement belt,25.63941326959108,1102.4974345851683,55.77183044931127,Good,790.0,,,13.48298577504564,Black cotton and red loamy soil,2023-24,4,True
Madhya Pradesh,Madhya Pradesh,Madhya_Pradesh_Jabalpur,22.985751971073928,78.62140144701031,,42839.76826148563,,"Dolomitic limestone, quartzite and metasediments",Vindhyan / Archaean basement belt,25.647089411344584,1163.1653204083564,53.68022423716062,Good,790.0,,,12.039154401530467,Black cotton and red loamy soil,2023-24,4,True
Madhya Pradesh,Madhya Pradesh,Madhya_Pradesh_Jabalpur,22.95555722486165,78.69610763486686,,48074.30487932915,,"Dolomitic limestone, quartzite and metasediments",Vindhyan / Archaean basement belt,25.174527112364743,1146.9811190535756,58.1774065564303,Good,790.0,,,13.81670244357274,Black cotton and red loamy soil,2023-24,4,True
Odisha,Odisha,Odisha_Sundargarh,20.937516498109943,85.00361217887746,,82291.55008164179,,"Khondalite, quartzite and iron formation host rocks",Eastern Ghats / Iron Ore Group,26.0233762953334,1414.5989717652374,70.58146635573364,Moderate,280.0,,,19.134060116167714,Red lateritic and alluvial soil,2023-24,4,True
Madhya Pradesh,Madhya Pradesh,Madhya_Pradesh_Jhabua,23.017798785724228,78.71117052629855,,31890.584890426988,,"Dolomitic limestone, quartzite and metasediments",Vindhyan / Archaean basement belt,24.80402748583734,1128.2603374571293,54.117298400531894,Good,790.0,,,15.57567759217066,Black cotton and red loamy soil,2023-24,4,True
Madhya Pradesh,Madhya Pradesh,Madhya_Pradesh_Jabalpur,22.962170663965974,78.71889562264516,,70598.64830765373,,"Dolomitic limestone, quartzite and metasediments",Vindhyan / Archaean basement belt,24.58551507106914,1139.2267005749666,53.27761263098889,Good,790.0,,,14.616235396553312,Black cotton and red loamy soil,2022-23,3,True
Karnataka,Karnataka,Karnataka_Davangere,15.316626531050662,75.78678220885371,,33430.69196904763,,Serpentinized ultramafic rocks and Dharwar schists,Dharwar Supergroup / peninsular metamorphic belt,27.537409656647352,1164.0980337444473,60.84630305370337,Good,410.0,,,17.133789272564012,Red sandy loam and lateritic soil,2022-23,3,True
Madhya Pradesh,Madhya Pradesh,Madhya_Pradesh_Alirajpur,22.93507953597195,78.61757592289366,,572.5212959311046,,"Dolomitic limestone, quartzite and metasediments",Vindhyan / Archaean basement belt,25.435865328486102,1206.899618151832,56.51476190519945,Good,790.0,,,12.981684467638742,Black cotton and red loamy soil,2023-24,4,True
Odisha,Odisha,Odisha_Rayagada,20.91283524907948,85.12808770033652,,130.2646945742045,,"Khondalite, quartzite and iron formation host rocks",Eastern Ghats / Iron Ore Group,26.624539605556627,1500.5236209042562,71.1423481325821,Moderate,280.0,,,19.870263796811496,Red lateritic and alluvial soil,2022-23,3,True
Rajasthan,Rajasthan,Rajasthan_Banswara,27.056564166756488,74.19649651386493,,4810.323465863119,,"Dolomite, limestone and metamorphic carbonate rocks",Aravalli fold belt / Delhi Supergroup,28.639671369416156,589.2085370463827,29.537931743147492,Moderate,980.0,,,16.623895809440416,Sandy desert and brown loam soil,2023-24,4,True
Madhya Pradesh,Madhya Pradesh,Madhya_Pradesh_Balaghat,23.01323754739289,78.63271605535282,,608432.8027302298,,"Dolomitic limestone, quartzite and metasediments",Vindhyan / Archaean basement belt,25.256313104194742,1187.0646099283406,57.17918553473687,Good,790.0,,,13.172415759265338,Black cotton and red loamy soil,2022-23,3,True
Madhya Pradesh,Madhya Pradesh,Madhya_Pradesh_Balaghat,22.925844793856097,78.62878980160714,,662718.5309342956,,"Dolomitic limestone, quartzite and metasediments",Vindhyan / Archaean basement belt,24.940391298630022,1086.8507382619448,56.69077848276018,Good,790.0,,,12.740586933293866,Black cotton and red loamy soil,2022-23,3,True
Karnataka,Karnataka,Karnataka_Ballari,15.298858948776767,75.69657069373507,,301884.4574404612,,Serpentinized ultramafic rocks and Dharwar schists,Dharwar Supergroup / peninsular metamorphic belt,27.03168165630068,1142.1153808495715,62.03225883055201,Good,410.0,,,17.322504331523124,Red sandy loam and lateritic soil,2022-23,3,True
Karnataka,Karnataka,Karnataka_Tumakuru,15.325768551366822,75.74438596967835,,9680.652121956457,,Serpentinized ultramafic rocks and Dharwar schists,Dharwar Supergroup / peninsular metamorphic belt,26.81276826446498,1183.717264378103,57.93676086267395,Good,410.0,,,15.0923824938994,Red sandy loam and lateritic soil,2022-23,3,True
Karnataka,Karnataka,Karnataka_Tumakuru,15.313288093302264,75.70932711327981,,8068.841729845797,,Serpentinized ultramafic rocks and Dharwar schists,Dharwar Supergroup / peninsular metamorphic belt,26.87610414535614,1233.7509960432883,61.92835050666809,Good,410.0,,,15.11876155256395,Red sandy loam and lateritic soil,2023-24,4,True
Rajasthan,Rajasthan,Rajasthan_Banswara,26.99572932214933,74.24853821810905,,6056.325549206541,,"Dolomite, limestone and metamorphic carbonate rocks",Aravalli fold belt / Delhi Supergroup,28.799212414423547,556.026420251464,29.630632144343267,Moderate,980.0,,,18.377736236274743,Sandy desert and brown loam soil,2022-23,3,True
Maharashtra,Maharashtra,Maharashtra_Bhandara,19.729577082670207,75.76317500537156,,483758.8376516365,,"Basaltic laterite, quartzite and metasediments",Deccan Traps / Precambrian gneissic suite,27.057270639210014,1271.7620447597785,63.61491301838518,Good,620.0,,,14.210640877393239,Deep black and red lateritic soil,2022-23,3,True
Madhya Pradesh,Madhya Pradesh,Madhya_Pradesh_Jabalpur,23.01017694706588,78.71776801810947,,75231.73066541966,,"Dolomitic limestone, quartzite and metasediments",Vindhyan / Archaean basement belt,25.569558703736945,1175.1494519859743,59.435450374902274,Good,790.0,,,15.008668355954839,Black cotton and red loamy soil,2022-23,3,True
Maharashtra,Maharashtra,Maharashtra_Bhandara,19.76014818705291,75.7460952226345,,752413.5483372904,,"Basaltic laterite, quartzite and metasediments",Deccan Traps / Precambrian gneissic suite,26.88948871595435,1263.812996839053,71.41353528083795,Good,620.0,,,11.692872926914214,Deep black and red lateritic soil,2023-24,4,True
Odisha,Odisha,Odisha_Raygada,20.88324107361078,85.08989022173695,,87.6469526671781,,"Khondalite, quartzite and iron formation host rocks",Eastern Ghats / Iron Ore Group,27.1025979062187,1420.234330715812,71.11048014855885,Moderate,280.0,,,20.0109828925824,Red lateritic and alluvial soil,2022-23,3,True
Maharashtra,Maharashtra,Maharashtra_Bhandara,19.74869948564749,75.69904329055672,,812385.561844208,,"Basaltic laterite, quartzite and metasediments",Deccan Traps / Precambrian gneissic suite,27.76256710989789,1215.833459548183,69.36478501962559,Good,620.0,,,10.199521308265819,Deep black and red lateritic soil,2023-24,4,True
Odisha,Odisha,Odisha_Sundargarh,20.957520592213424,85.09150127853144,,93389.30486098847,,"Khondalite, quartzite and iron formation host rocks",Eastern Ghats / Iron Ore Group,26.78976835000349,1422.4943424385208,70.4893638509747,Moderate,280.0,,,21.14825642451599,Red lateritic and alluvial soil,2023-24,4,True
Madhya Pradesh,Madhya Pradesh,Madhya_Pradesh_Jabalpur,22.992609646100473,78.67320913478471,,71252.23416210746,,"Dolomitic limestone, quartzite and metasediments",Vindhyan / Archaean basement belt,25.615054043012364,1129.7156460210476,58.2624766561343,Good,790.0,,,12.37807487316979,Black cotton and red loamy soil,2022-23,3,True
Madhya Pradesh,Madhya Pradesh,Madhya_Pradesh_Alirajpur,23.054225587951034,78.58750095671817,,797.2475382505374,,"Dolomitic limestone, quartzite and metasediments",Vindhyan / Archaean basement belt,25.229510253714686,1197.1096072713199,56.3762173754892,Good,790.0,,,13.95444187324546,Black cotton and red loamy soil,2022-23,3,True
Odisha,Odisha,Odisha_Sundargarh,20.96726150361735,85.08329847751232,,72616.27807981434,,"Khondalite, quartzite and iron formation host rocks",Eastern Ghats / Iron Ore Group,26.448230380196037,1364.7851457980964,65.82994340664024,Moderate,280.0,,,19.89176666167703,Red lateritic and alluvial soil,2023-24,4,True
Madhya Pradesh,Madhya Pradesh,Madhya_Pradesh_Alirajpur,22.975242325543086,78.71002626483582,,640.6783074898867,,"Dolomitic limestone, quartzite and metasediments",Vindhyan / Archaean basement belt,25.921543519803798,1199.2333889013203,57.717912881302944,Good,790.0,,,15.435006177988935,Black cotton and red loamy soil,2023-24,4,True
Madhya Pradesh,Madhya Pradesh,Madhya_Pradesh_Jabalpur,22.901015321243314,78.67567442638483,,87681.30893748993,,"Dolomitic limestone, quartzite and metasediments",Vindhyan / Archaean basement belt,25.47047069862522,1211.2212638597534,57.879032288582856,Good,790.0,,,13.0584623977702,Black cotton and red loamy soil,2022-23,3,True
Madhya Pradesh,Madhya Pradesh,Madhya_Pradesh_Alirajpur,22.98865085560324,78.62426693408061,,518.4454261226709,,"Dolomitic limestone, quartzite and metasediments",Vindhyan / Archaean basement belt,25.464020155545047,1191.0933971605273,56.85356335203236,Good,790.0,,,15.473413081441755,Black cotton and red loamy soil,2023-24,4,True
Odisha,Odisha,Odisha_Sundargarh,20.948221600975756,85.11209234297962,,113781.98778798003,,"Khondalite, quartzite and iron formation host rocks",Eastern Ghats / Iron Ore Group,26.253112789544428,1514.2649562763452,71.93599760910773,Moderate,280.0,,,21.372342342866517,Red lateritic and alluvial soil,2022-23,3,True
Odisha,Odisha,Odisha_Rayagada,20.97666737089878,85.06516949633851,,144.99710338844764,,"Khondalite, quartzite and iron formation host rocks",Eastern Ghats / Iron Ore Group,27.09355669835568,1500.4632862573094,70.61882567951984,Moderate,280.0,,,20.082718201863187,Red lateritic and alluvial soil,2022-23,3,True
Madhya Pradesh,Madhya Pradesh,Madhya_Pradesh_Balaghat,23.02291534751675,78.6683756447317,,604967.5701252987,,"Dolomitic limestone, quartzite and metasediments",Vindhyan / Archaean basement belt,24.837134966075958,1184.1571112436825,55.354595953841795,Good,790.0,,,14.7129974253451,Black cotton and red loamy soil,2022-23,3,True
Rajasthan,Rajasthan,Rajasthan_Banswara,27.031988267440823,74.26505818314367,,4623.804758462784,,"Dolomite, limestone and metamorphic carbonate rocks",Aravalli fold belt / Delhi Supergroup,29.29396094505685,559.6236796577941,27.8243286427926,Moderate,980.0,,,16.456217195647277,Sandy desert and brown loam soil,2023-24,4,True
Odisha,Odisha,Odisha_Sundargarh,20.884978616004435,85.13144883708175,,81849.92234533264,,"Khondalite, quartzite and iron formation host rocks",Eastern Ghats / Iron Ore Group,26.88951047986743,1399.6130245024276,67.33824549477302,Moderate,280.0,,,19.803501579601893,Red lateritic and alluvial soil,2023-24,4,True
Madhya Pradesh,Madhya Pradesh,Madhya_Pradesh_Madhya_Pradesh,23.01061511430492,78.6260507933506,,977221.4197557946,,"Dolomitic limestone, quartzite and metasediments",Vindhyan / Archaean basement belt,25.162357239976807,1149.0069843231754,56.9848654067377,Good,790.0,,,12.143189598059834,Black cotton and red loamy soil,2022-23,3,True
Madhya Pradesh,Madhya Pradesh,Madhya_Pradesh_Madhya_Pradesh,22.951319010839537,78.65069467475277,,953718.9775447893,,"Dolomitic limestone, quartzite and metasediments",Vindhyan / Archaean basement belt,25.93807514316423,1137.0872281140687,57.42292030472783,Good,790.0,,,13.316908198414826,Black cotton and red loamy soil,2022-23,3,True
Rajasthan,Rajasthan,Rajasthan_Banswara,26.984350395579337,74.215672597894,,6439.741643912296,,"Dolomite, limestone and metamorphic carbonate rocks",Aravalli fold belt / Delhi Supergroup,28.785148166472315,567.7112332909254,28.180313655335148,Moderate,980.0,,,16.183206820729744,Sandy desert and brown loam soil,2022-23,3,True
Karnataka,Karnataka,Karnataka_Ballari,15.343871692082224,75.69049246204291,,308251.45044598135,,Serpentinized ultramafic rocks and Dharwar schists,Dharwar Supergroup / peninsular metamorphic belt,26.684776710574347,1206.2925048448315,61.572093712278374,Good,410.0,,,17.2074250283112,Red sandy loam and lateritic soil,2022-23,3,True
Madhya Pradesh,Madhya Pradesh,Madhya_Pradesh_Jabalpur,22.96714314083427,78.72251416375593,,70160.01099156048,,"Dolomitic limestone, quartzite and metasediments",Vindhyan / Archaean basement belt,25.06510715049212,1161.4156129775204,59.894117392062206,Good,790.0,,,13.030601422261379,Black cotton and red loamy soil,2022-23,3,True
Odisha,Odisha,Odisha_Kendujhar,21.003163605251487,85.06542763578427,,533588.3734947908,,"Khondalite, quartzite and iron formation host rocks",Eastern Ghats / Iron Ore Group,26.229914639367856,1464.7786639574233,66.20437100020045,Moderate,280.0,,,22.39267672301824,Red lateritic and alluvial soil,2022-23,3,True
Rajasthan,Rajasthan,Rajasthan_Banswara,27.041792613062263,74.17756764454903,,4697.406849282619,,"Dolomite, limestone and metamorphic carbonate rocks",Aravalli fold belt / Delhi Supergroup,28.46731232748499,528.9261458224651,27.640119824233388,Moderate,980.0,,,17.268162780955315,Sandy desert and brown loam soil,2023-24,4,True
Rajasthan,Rajasthan,Rajasthan_Banswara,27.007818042336464,74.20704494028273,,4960.096573240349,,"Dolomite, limestone and metamorphic carbonate rocks",Aravalli fold belt / Delhi Supergroup,28.65210365602044,533.4344644449877,28.237593079805805,Moderate,980.0,,,15.571184565773722,Sandy desert and brown loam soil,2023-24,4,True
Karnataka,Karnataka,Karnataka_Tumakuru,15.336707929259108,75.70431531378262,,10193.739371557727,,Serpentinized ultramafic rocks and Dharwar schists,Dharwar Supergroup / peninsular metamorphic belt,27.302592343680622,1133.376815425248,61.071239215609104,Good,410.0,,,16.691062565866876,Red sandy loam and lateritic soil,2022-23,3,True
Odisha,Odisha,Odisha_Kendujhar,21.00101454973236,85.08963615320008,,611669.1423652845,,"Khondalite, quartzite and iron formation host rocks",Eastern Ghats / Iron Ore Group,25.979304911416612,1529.463311208565,70.90799126289392,Moderate,280.0,,,20.508659543018098,Red lateritic and alluvial soil,2023-24,4,True
Karnataka,Karnataka,Karnataka_Chitradurga,15.307709159484256,75.76537369050581,,2574.0946171739106,,Serpentinized ultramafic rocks and Dharwar schists,Dharwar Supergroup / peninsular metamorphic belt,26.849409156591424,1131.981309029231,58.48704655850737,Good,410.0,,,14.514460840477726,Red sandy loam and lateritic soil,2022-23,3,True
Madhya Pradesh,Madhya Pradesh,Madhya_Pradesh_Jhabua,23.029365455267847,78.69507393316366,,35217.08353290064,,"Dolomitic limestone, quartzite and metasediments",Vindhyan / Archaean basement belt,25.37783804910116,1112.8285181466108,56.26856642870758,Good,790.0,,,12.967967754838423,Black cotton and red loamy soil,2023-24,4,True
